sector,sector_label_fr,subcategory,subcategory_label_fr,area_id,area_name,prefecture,providers_count,providers_per_100k,competition_rate_smoothed,competition_level,average_confidence,population_est,population_density,purchasing_power_proxy,population_score,density_score,purchasing_power_score,demand_score,low_competition_score,supply_gap,sector_opportunity_score,risk_score,scoring_status,weights_version,assigned_pois_subcategory,total_pois_subcategory,assigned_pois_sector,total_pois_sector
education,éducation,driving_school,auto-école,casablanca_hay_hassani,Hay Hassani,Hay Hassani,0,0.0,0.0,Faible,0.358,537509,13203.4,50,97.1,30.3,40.0,60.4,50.0,50.0,41.3,55.7,scored_subcategory,subcategory_weights_v2_bayes,0,0,484,519
education,éducation,driving_school,auto-école,casablanca_maarif,Maarif,Casablanca-Anfa,0,0.0,0.0,Faible,0.358,139669,11263.6,75,15.1,24.0,90.0,43.5,50.0,50.0,39.3,53.4,scored_subcategory,subcategory_weights_v2_bayes,0,0,484,519
education,éducation,driving_school,auto-école,casablanca_sidi_belyout,Sidi Belyout,Casablanca-Anfa,0,0.0,0.0,Faible,0.358,138294,13519.8,70,14.9,31.3,80.0,41.8,50.0,50.0,37.9,55.0,scored_subcategory,subcategory_weights_v2_bayes,0,0,484,519
education,éducation,driving_school,auto-école,casablanca_sidi_moumen,Sidi Moumen,Sidi Bernoussi,0,0.0,0.0,Faible,0.358,551443,21402.0,30,100.0,57.0,0.0,54.2,50.0,50.0,36.0,61.9,scored_subcategory,subcategory_weights_v2_bayes,0,0,484,519
education,éducation,driving_school,auto-école,casablanca_moulay_rachid,Moulay Rachid,Moulay Rachid,0,0.0,0.0,Faible,0.358,245139,34585.1,35,36.9,100.0,10.0,43.3,50.0,50.0,36.0,63.1,scored_subcategory,subcategory_weights_v2_bayes,0,0,484,519
education,éducation,driving_school,auto-école,casablanca_ain_chock,Ain Chock,Ain Chock,0,0.0,0.0,Faible,0.358,374707,9500.2,55,63.6,18.2,50.0,47.5,50.0,50.0,35.7,57.4,scored_subcategory,subcategory_weights_v2_bayes,0,0,484,519
education,éducation,driving_school,auto-école,casablanca_anfa,Anfa,Casablanca-Anfa,0,0.0,0.0,Faible,0.358,66202,3914.3,80,0.0,0.0,100.0,35.0,50.0,50.0,34.6,54.1,scored_subcategory,subcategory_weights_v2_bayes,0,0,484,519
education,éducation,driving_school,auto-école,casablanca_sidi_othmane,Sidi Othmane,Moulay Rachid,0,0.0,0.0,Faible,0.358,211894,33870.5,35,30.0,97.7,10.0,39.9,50.0,50.0,34.3,63.8,scored_subcategory,subcategory_weights_v2_bayes,0,0,484,519
education,éducation,driving_school,auto-école,casablanca_mers_sultan,Mers Sultan,Al Fida-Mers Sultan,0,0.0,0.0,Faible,0.358,98139,26559.9,50,6.6,73.8,40.0,35.1,50.0,50.0,33.7,61.3,scored_subcategory,subcategory_weights_v2_bayes,0,0,484,519
education,éducation,driving_school,auto-école,casablanca_al_fida,Al Fida,Al Fida-Mers Sultan,0,0.0,0.0,Faible,0.358,125933,33166.4,40,12.3,95.4,20.0,35.8,50.0,50.0,33.5,63.5,scored_subcategory,subcategory_weights_v2_bayes,0,0,484,519
education,éducation,driving_school,auto-école,casablanca_ben_msick,Ben M'Sick,Ben M'Sick,0,0.0,0.0,Faible,0.358,105612,33958.8,35,8.1,98.0,10.0,31.2,50.0,50.0,30.4,65.8,scored_subcategory,subcategory_weights_v2_bayes,0,0,484,519
education,éducation,driving_school,auto-école,casablanca_roches_noires,Roches Noires,Ain Sebaa-Hay Mohammadi,0,0.0,0.0,Faible,0.358,104775,14243.5,50,7.9,33.7,40.0,25.6,50.0,50.0,25.9,63.4,scored_subcategory,subcategory_weights_v2_bayes,0,0,484,519
education,éducation,driving_school,auto-école,casablanca_hay_mohammadi,Hay Mohammadi,Ain Sebaa-Hay Mohammadi,0,0.0,0.0,Faible,0.358,104232,25055.8,35,7.8,68.9,10.0,23.8,50.0,50.0,24.6,67.4,scored_subcategory,subcategory_weights_v2_bayes,0,0,484,519
education,éducation,driving_school,auto-école,casablanca_ain_sebaa,Ain Sebaa,Ain Sebaa-Hay Mohammadi,0,0.0,0.0,Faible,0.358,155828,10014.0,45,18.5,19.9,30.0,22.9,50.0,50.0,22.3,65.2,scored_subcategory,subcategory_weights_v2_bayes,0,0,484,519
education,éducation,driving_school,auto-école,casablanca_sidi_bernoussi,Sidi Bernoussi,Sidi Bernoussi,0,0.0,0.0,Faible,0.358,154919,12279.6,40,18.3,27.3,20.0,21.1,50.0,50.0,20.9,66.8,scored_subcategory,subcategory_weights_v2_bayes,0,0,484,519
education,éducation,driving_school,auto-école,casablanca_sbata,Sbata,Ben M'Sick,0,0.0,0.0,Faible,0.358,101640,14183.6,40,7.3,33.5,20.0,18.3,50.0,50.0,20.2,67.4,scored_subcategory,subcategory_weights_v2_bayes,0,0,484,519
education,éducation,kindergarten,crèche,casablanca_hay_hassani,Hay Hassani,Hay Hassani,1,0.18604339648266355,0.2007589543944204,Faible,0.394,537509,13203.4,50,97.1,30.3,40.0,60.4,91.8,91.8,51.4,49.5,scored_subcategory,subcategory_weights_v2_bayes,9,9,484,519
education,éducation,kindergarten,crèche,casablanca_sidi_moumen,Sidi Moumen,Sidi Bernoussi,1,0.18134240528939527,0.19646483308137866,Faible,0.394,551443,21402.0,30,100.0,57.0,0.0,54.2,92.0,92.0,50.9,55.7,scored_subcategory,subcategory_weights_v2_bayes,9,9,484,519
education,éducation,kindergarten,crèche,casablanca_moulay_rachid,Moulay Rachid,Moulay Rachid,0,0.0,0.0810851287656062,Faible,0.358,245139,34585.1,35,36.9,100.0,10.0,43.3,98.7,98.7,48.2,54.1,scored_subcategory,subcategory_weights_v2_bayes,9,9,484,519
education,éducation,kindergarten,crèche,casablanca_sidi_othmane,Sidi Othmane,Moulay Rachid,0,0.0,0.08972804945600928,Faible,0.358,211894,33870.5,35,30.0,97.7,10.0,39.9,98.2,98.2,45.7,54.8,scored_subcategory,subcategory_weights_v2_bayes,9,9,484,519
education,éducation,kindergarten,crèche,casablanca_al_fida,Al Fida,Al Fida-Mers Sultan,0,0.0,0.1238669882532988,Faible,0.358,125933,33166.4,40,12.3,95.4,20.0,35.8,96.2,96.2,42.4,54.5,scored_subcategory,subcategory_weights_v2_bayes,9,9,484,519
education,éducation,kindergarten,crèche,casablanca_ain_chock,Ain Chock,Ain Chock,0,0.0,0.05895350238575069,Faible,0.358,374707,9500.2,55,63.6,18.2,50.0,47.5,100.0,100.0,41.2,48.4,scored_subcategory,subcategory_weights_v2_bayes,9,9,484,519
education,éducation,kindergarten,crèche,casablanca_ben_msick,Ben M'Sick,Ben M'Sick,0,0.0,0.1361089832161185,Faible,0.358,105612,33958.8,35,8.1,98.0,10.0,31.2,95.5,95.5,39.7,56.8,scored_subcategory,subcategory_weights_v2_bayes,9,9,484,519
education,éducation,kindergarten,crèche,casablanca_mers_sultan,Mers Sultan,Al Fida-Mers Sultan,0,0.0,0.14124246239777408,Faible,0.358,98139,26559.9,50,6.6,73.8,40.0,35.1,95.2,95.2,39.1,52.3,scored_subcategory,subcategory_weights_v2_bayes,9,9,484,519
education,éducation,kindergarten,crèche,casablanca_sidi_belyout,Sidi Belyout,Casablanca-Anfa,1,0.7230971697976774,0.5370913252412254,Modérée,0.394,138294,13519.8,70,14.9,31.3,80.0,41.8,72.3,72.3,36.4,48.8,scored_subcategory,subcategory_weights_v2_bayes,9,9,484,519
education,éducation,kindergarten,crèche,casablanca_hay_mohammadi,Hay Mohammadi,Ain Sebaa-Hay Mohammadi,0,0.0,0.1370286745320643,Faible,0.358,104232,25055.8,35,7.8,68.9,10.0,23.8,95.5,95.5,31.5,58.4,scored_subcategory,subcategory_weights_v2_bayes,9,9,484,519
education,éducation,kindergarten,crèche,casablanca_maarif,Maarif,Casablanca-Anfa,4,2.863913968024401,1.7857363290915076,Élevée,0.504,139669,11263.6,75,15.1,24.0,90.0,43.5,0.0,0.0,31.0,55.4,scored_subcategory,subcategory_weights_v2_bayes,9,9,484,519
education,éducation,kindergarten,crèche,casablanca_roches_noires,Roches Noires,Ain Sebaa-Hay Mohammadi,0,0.0,0.13666531684547703,Faible,0.358,104775,14243.5,50,7.9,33.7,40.0,25.6,95.5,95.5,28.2,54.4,scored_subcategory,subcategory_weights_v2_bayes,9,9,484,519
education,éducation,kindergarten,crèche,casablanca_ain_sebaa,Ain Sebaa,Ain Sebaa-Hay Mohammadi,0,0.0,0.10939240527632844,Faible,0.358,155828,10014.0,45,18.5,19.9,30.0,22.9,97.1,97.1,25.2,56.2,scored_subcategory,subcategory_weights_v2_bayes,9,9,484,519
education,éducation,kindergarten,crèche,casablanca_sidi_bernoussi,Sidi Bernoussi,Sidi Bernoussi,0,0.0,0.10978248093328687,Faible,0.358,154919,12279.6,40,18.3,27.3,20.0,21.1,97.1,97.1,25.0,57.8,scored_subcategory,subcategory_weights_v2_bayes,9,9,484,519
education,éducation,kindergarten,crèche,casablanca_sbata,Sbata,Ben M'Sick,0,0.0,0.13879012228244672,Faible,0.358,101640,14183.6,40,7.3,33.5,20.0,18.3,95.4,95.4,23.6,58.4,scored_subcategory,subcategory_weights_v2_bayes,9,9,484,519
education,éducation,kindergarten,crèche,casablanca_anfa,Anfa,Casablanca-Anfa,2,3.0210567656566267,1.3717382477769977,Élevée,0.431,66202,3914.3,80,0.0,0.0,100.0,35.0,24.0,24.0,22.9,50.6,scored_subcategory,subcategory_weights_v2_bayes,9,9,484,519
education,éducation,language_school,école de langues,casablanca_maarif,Maarif,Casablanca-Anfa,0,0.0,0.0,Faible,0.358,139669,11263.6,75,15.1,24.0,90.0,43.5,50.0,50.0,45.4,53.4,scored_subcategory,subcategory_weights_v2_bayes,0,0,484,519
education,éducation,language_school,école de langues,casablanca_sidi_belyout,Sidi Belyout,Casablanca-Anfa,0,0.0,0.0,Faible,0.358,138294,13519.8,70,14.9,31.3,80.0,41.8,50.0,50.0,43.0,55.0,scored_subcategory,subcategory_weights_v2_bayes,0,0,484,519
education,éducation,language_school,école de langues,casablanca_anfa,Anfa,Casablanca-Anfa,0,0.0,0.0,Faible,0.358,66202,3914.3,80,0.0,0.0,100.0,35.0,50.0,50.0,42.6,54.1,scored_subcategory,subcategory_weights_v2_bayes,0,0,484,519
education,éducation,language_school,école de langues,casablanca_hay_hassani,Hay Hassani,Hay Hassani,0,0.0,0.0,Faible,0.358,537509,13203.4,50,97.1,30.3,40.0,60.4,50.0,50.0,37.5,55.7,scored_subcategory,subcategory_weights_v2_bayes,0,0,484,519
education,éducation,language_school,école de langues,casablanca_mers_sultan,Mers Sultan,Al Fida-Mers Sultan,0,0.0,0.0,Faible,0.358,98139,26559.9,50,6.6,73.8,40.0,35.1,50.0,50.0,35.3,61.3,scored_subcategory,subcategory_weights_v2_bayes,0,0,484,519
education,éducation,language_school,école de langues,casablanca_ain_chock,Ain Chock,Ain Chock,0,0.0,0.0,Faible,0.358,374707,9500.2,55,63.6,18.2,50.0,47.5,50.0,50.0,34.9,57.4,scored_subcategory,subcategory_weights_v2_bayes,0,0,484,519
education,éducation,language_school,école de langues,casablanca_moulay_rachid,Moulay Rachid,Moulay Rachid,0,0.0,0.0,Faible,0.358,245139,34585.1,35,36.9,100.0,10.0,43.3,50.0,50.0,32.8,63.1,scored_subcategory,subcategory_weights_v2_bayes,0,0,484,519
education,éducation,language_school,école de langues,casablanca_al_fida,Al Fida,Al Fida-Mers Sultan,0,0.0,0.0,Faible,0.358,125933,33166.4,40,12.3,95.4,20.0,35.8,50.0,50.0,32.7,63.5,scored_subcategory,subcategory_weights_v2_bayes,0,0,484,519
education,éducation,language_school,école de langues,casablanca_sidi_othmane,Sidi Othmane,Moulay Rachid,0,0.0,0.0,Faible,0.358,211894,33870.5,35,30.0,97.7,10.0,39.9,50.0,50.0,31.5,63.8,scored_subcategory,subcategory_weights_v2_bayes,0,0,484,519
education,éducation,language_school,école de langues,casablanca_ben_msick,Ben M'Sick,Ben M'Sick,0,0.0,0.0,Faible,0.358,105612,33958.8,35,8.1,98.0,10.0,31.2,50.0,50.0,29.0,65.8,scored_subcategory,subcategory_weights_v2_bayes,0,0,484,519
education,éducation,language_school,école de langues,casablanca_sidi_moumen,Sidi Moumen,Sidi Bernoussi,0,0.0,0.0,Faible,0.358,551443,21402.0,30,100.0,57.0,0.0,54.2,50.0,50.0,28.0,61.9,scored_subcategory,subcategory_weights_v2_bayes,0,0,484,519
education,éducation,language_school,école de langues,casablanca_roches_noires,Roches Noires,Ain Sebaa-Hay Mohammadi,0,0.0,0.0,Faible,0.358,104775,14243.5,50,7.9,33.7,40.0,25.6,50.0,50.0,27.5,63.4,scored_subcategory,subcategory_weights_v2_bayes,0,0,484,519
education,éducation,language_school,école de langues,casablanca_hay_mohammadi,Hay Mohammadi,Ain Sebaa-Hay Mohammadi,0,0.0,0.0,Faible,0.358,104232,25055.8,35,7.8,68.9,10.0,23.8,50.0,50.0,23.1,67.4,scored_subcategory,subcategory_weights_v2_bayes,0,0,484,519
education,éducation,language_school,école de langues,casablanca_ain_sebaa,Ain Sebaa,Ain Sebaa-Hay Mohammadi,0,0.0,0.0,Faible,0.358,155828,10014.0,45,18.5,19.9,30.0,22.9,50.0,50.0,22.2,65.2,scored_subcategory,subcategory_weights_v2_bayes,0,0,484,519
education,éducation,language_school,école de langues,casablanca_sidi_bernoussi,Sidi Bernoussi,Sidi Bernoussi,0,0.0,0.0,Faible,0.358,154919,12279.6,40,18.3,27.3,20.0,21.1,50.0,50.0,19.8,66.8,scored_subcategory,subcategory_weights_v2_bayes,0,0,484,519
education,éducation,language_school,école de langues,casablanca_sbata,Sbata,Ben M'Sick,0,0.0,0.0,Faible,0.358,101640,14183.6,40,7.3,33.5,20.0,18.3,50.0,50.0,19.8,67.4,scored_subcategory,subcategory_weights_v2_bayes,0,0,484,519
education,éducation,school,école,casablanca_hay_hassani,Hay Hassani,Hay Hassani,69,12.836994357303785,12.9012353375919,Modérée,0.65,537509,13203.4,50,97.1,30.3,40.0,60.4,79.6,79.6,65.6,49.9,scored_subcategory,subcategory_weights_v2_bayes,426,459,484,519
education,éducation,school,école,casablanca_sidi_moumen,Sidi Moumen,Sidi Bernoussi,33,5.984299374550044,7.099091768324894,Modérée,0.65,551443,21402.0,30,100.0,57.0,0.0,54.2,100.0,100.0,61.3,46.2,scored_subcategory,subcategory_weights_v2_bayes,426,459,484,519
education,éducation,school,école,casablanca_ain_chock,Ain Chock,Ain Chock,49,13.076884072088326,13.112622394093355,Modérée,0.65,374707,9500.2,55,63.6,18.2,50.0,47.5,78.9,78.9,57.0,46.1,scored_subcategory,subcategory_weights_v2_bayes,426,459,484,519
education,éducation,school,école,casablanca_moulay_rachid,Moulay Rachid,Moulay Rachid,15,6.118977396497497,8.184104487852357,Modérée,0.65,245139,34585.1,35,36.9,100.0,10.0,43.3,96.2,96.2,49.9,42.5,scored_subcategory,subcategory_weights_v2_bayes,426,459,484,519
education,éducation,school,école,casablanca_sidi_othmane,Sidi Othmane,Moulay Rachid,9,4.247406722229039,7.132723421524218,Faible,0.65,211894,33870.5,35,30.0,97.7,10.0,39.9,99.9,99.9,48.2,41.6,scored_subcategory,subcategory_weights_v2_bayes,426,459,484,519
education,éducation,school,école,casablanca_sidi_belyout,Sidi Belyout,Casablanca-Anfa,37,26.75459528251406,21.085942738100304,Élevée,0.65,138294,13519.8,70,14.9,31.3,80.0,41.8,50.9,50.9,47.9,40.5,scored_subcategory,subcategory_weights_v2_bayes,426,459,484,519
education,éducation,school,école,casablanca_anfa,Anfa,Casablanca-Anfa,29,43.805323102021084,25.418789417894335,Élevée,0.65,66202,3914.3,80,0.0,0.0,100.0,35.0,35.7,35.7,42.9,37.4,scored_subcategory,subcategory_weights_v2_bayes,426,459,484,519
education,éducation,school,école,casablanca_mers_sultan,Mers Sultan,Al Fida-Mers Sultan,15,15.284443493412406,14.255919525347732,Modérée,0.65,98139,26559.9,50,6.6,73.8,40.0,35.1,74.9,74.9,42.8,40.7,scored_subcategory,subcategory_weights_v2_bayes,426,459,484,519
education,éducation,school,école,casablanca_maarif,Maarif,Casablanca-Anfa,72,51.55045142443922,35.56844497549902,Élevée,0.65,139669,11263.6,75,15.1,24.0,90.0,43.5,0.0,0.0,40.9,48.4,scored_subcategory,subcategory_weights_v2_bayes,426,459,484,519
education,éducation,school,école,casablanca_al_fida,Al Fida,Al Fida-Mers Sultan,21,16.67553381560036,15.157828377584833,Modérée,0.65,125933,33166.4,40,12.3,95.4,20.0,35.8,71.7,71.7,40.5,44.6,scored_subcategory,subcategory_weights_v2_bayes,426,459,484,519
education,éducation,school,école,casablanca_ain_sebaa,Ain Sebaa,Ain Sebaa-Hay Mohammadi,15,9.625997895115127,11.041221597451703,Modérée,0.65,155828,10014.0,45,18.5,19.9,30.0,22.9,86.2,86.2,39.0,44.6,scored_subcategory,subcategory_weights_v2_bayes,426,459,484,519
education,éducation,school,école,casablanca_roches_noires,Roches Noires,Ain Sebaa-Hay Mohammadi,6,5.72655690765927,9.398870168882306,Modérée,0.577,104775,14243.5,50,7.9,33.7,40.0,25.6,91.9,91.9,38.5,43.9,scored_subcategory,subcategory_weights_v2_bayes,426,459,484,519
education,éducation,school,école,casablanca_ben_msick,Ben M'Sick,Ben M'Sick,12,11.362345188046813,12.27872711141798,Modérée,0.65,105612,33958.8,35,8.1,98.0,10.0,31.2,81.8,81.8,38.4,44.4,scored_subcategory,subcategory_weights_v2_bayes,426,459,484,519
education,éducation,school,école,casablanca_hay_mohammadi,Hay Mohammadi,Ain Sebaa-Hay Mohammadi,7,6.7157878578555525,9.913498564538733,Modérée,0.613,104232,25055.8,35,7.8,68.9,10.0,23.8,90.1,90.1,34.8,46.4,scored_subcategory,subcategory_weights_v2_bayes,426,459,484,519
education,éducation,school,école,casablanca_sidi_bernoussi,Sidi Bernoussi,Sidi Bernoussi,23,14.846468154325809,14.218844569580433,Modérée,0.65,154919,12279.6,40,18.3,27.3,20.0,21.1,75.0,75.0,34.8,48.4,scored_subcategory,subcategory_weights_v2_bayes,426,459,484,519
education,éducation,school,école,casablanca_sbata,Sbata,Ben M'Sick,14,13.77410468319559,13.51246597318426,Modérée,0.65,101640,14183.6,40,7.3,33.5,20.0,18.3,77.5,77.5,32.7,46.6,scored_subcategory,subcategory_weights_v2_bayes,426,459,484,519
education,éducation,university,université,casablanca_hay_hassani,Hay Hassani,Hay Hassani,7,1.3023037753786448,1.3370262437418479,Modérée,0.613,537509,13203.4,50,97.1,30.3,40.0,60.4,70.0,70.0,53.1,52.5,scored_subcategory,subcategory_weights_v2_bayes,49,51,484,519
education,éducation,university,université,casablanca_ain_chock,Ain Chock,Ain Chock,7,1.8681262960126177,1.7955628706162363,Modérée,0.613,374707,9500.2,55,63.6,18.2,50.0,47.5,55.6,55.6,46.1,54.1,scored_subcategory,subcategory_weights_v2_bayes,49,51,484,519
education,éducation,university,université,casablanca_moulay_rachid,Moulay Rachid,Moulay Rachid,2,0.8158636528663331,1.0209401534501221,Modérée,0.431,245139,34585.1,35,36.9,100.0,10.0,43.3,80.0,80.0,43.7,55.7,scored_subcategory,subcategory_weights_v2_bayes,49,51,484,519
education,éducation,university,université,casablanca_maarif,Maarif,Casablanca-Anfa,7,5.011849444042701,3.5564310095240588,Élevée,0.613,139669,11263.6,75,15.1,24.0,90.0,43.5,0.0,0.0,43.2,50.2,scored_subcategory,subcategory_weights_v2_bayes,49,51,484,519
education,éducation,university,université,casablanca_sidi_belyout,Sidi Belyout,Casablanca-Anfa,5,3.615485848988387,2.7376529145577386,Élevée,0.54,138294,13519.8,70,14.9,31.3,80.0,41.8,25.8,25.8,43.2,50.1,scored_subcategory,subcategory_weights_v2_bayes,49,51,484,519
education,éducation,university,université,casablanca_sidi_moumen,Sidi Moumen,Sidi Bernoussi,1,0.18134240528939527,0.3873957715742156,Faible,0.394,551443,21402.0,30,100.0,57.0,0.0,54.2,100.0,100.0,42.6,53.7,scored_subcategory,subcategory_weights_v2_bayes,49,51,484,519
education,éducation,university,université,casablanca_sidi_othmane,Sidi Othmane,Moulay Rachid,1,0.47193408024767103,0.8091411300686187,Faible,0.394,211894,33870.5,35,30.0,97.7,10.0,39.9,86.7,86.7,41.9,55.7,scored_subcategory,subcategory_weights_v2_bayes,49,51,484,519
education,éducation,university,université,casablanca_al_fida,Al Fida,Al Fida-Mers Sultan,0,0.0,0.674386936045738,Faible,0.358,125933,33166.4,40,12.3,95.4,20.0,35.8,90.9,90.9,41.5,54.5,scored_subcategory,subcategory_weights_v2_bayes,49,51,484,519
education,éducation,university,université,casablanca_anfa,Anfa,Casablanca-Anfa,3,4.5315851484849405,2.721785920877136,Élevée,0.467,66202,3914.3,80,0.0,0.0,100.0,35.0,26.3,26.3,38.0,47.6,scored_subcategory,subcategory_weights_v2_bayes,49,51,484,519
education,éducation,university,université,casablanca_ben_msick,Ben M'Sick,Ben M'Sick,0,0.0,0.7410377975099786,Faible,0.358,105612,33958.8,35,8.1,98.0,10.0,31.2,88.8,88.8,37.6,56.8,scored_subcategory,subcategory_weights_v2_bayes,49,51,484,519
education,éducation,university,université,casablanca_mers_sultan,Mers Sultan,Al Fida-Mers Sultan,3,3.056888698682481,2.2830753340918335,Élevée,0.467,98139,26559.9,50,6.6,73.8,40.0,35.1,40.2,40.2,37.5,54.8,scored_subcategory,subcategory_weights_v2_bayes,49,51,484,519
education,éducation,university,université,casablanca_roches_noires,Roches Noires,Ain Sebaa-Hay Mohammadi,0,0.0,0.7440667250475972,Faible,0.358,104775,14243.5,50,7.9,33.7,40.0,25.6,88.7,88.7,33.6,54.4,scored_subcategory,subcategory_weights_v2_bayes,49,51,484,519
education,éducation,university,université,casablanca_hay_mohammadi,Hay Mohammadi,Ain Sebaa-Hay Mohammadi,2,1.918796530815872,1.7253234734107374,Modérée,0.431,104232,25055.8,35,7.8,68.9,10.0,23.8,57.8,57.8,28.3,60.0,scored_subcategory,subcategory_weights_v2_bayes,49,51,484,519
education,éducation,university,université,casablanca_sbata,Sbata,Ben M'Sick,1,0.9838646202282566,1.2515684567626548,Modérée,0.394,101640,14183.6,40,7.3,33.5,20.0,18.3,72.7,72.7,25.1,59.2,scored_subcategory,subcategory_weights_v2_bayes,49,51,484,519
education,éducation,university,université,casablanca_ain_sebaa,Ain Sebaa,Ain Sebaa-Hay Mohammadi,6,3.850399158046051,2.940906638919984,Élevée,0.577,155828,10014.0,45,18.5,19.9,30.0,22.9,19.4,19.4,24.6,61.1,scored_subcategory,subcategory_weights_v2_bayes,49,51,484,519
education,éducation,university,université,casablanca_sidi_bernoussi,Sidi Bernoussi,Sidi Bernoussi,4,2.5819944616218797,2.1668304976154062,Modérée,0.504,154919,12279.6,40,18.3,27.3,20.0,21.1,43.8,43.8,24.4,61.0,scored_subcategory,subcategory_weights_v2_bayes,49,51,484,519
food,restauration,bar,bar,casablanca_hay_hassani,Hay Hassani,Hay Hassani,3,0.5581301894479906,0.7827481610194408,Faible,0.518,537509,13203.4,50,97.1,30.3,40.0,60.4,97.8,97.8,59.4,40.4,scored_subcategory,subcategory_weights_v2_bayes,64,64,1312,1362
food,restauration,bar,bar,casablanca_sidi_moumen,Sidi Moumen,Sidi Bernoussi,5,0.9067120264469765,1.0730163611909909,Faible,0.598,551443,21402.0,30,100.0,57.0,0.0,54.2,96.1,96.1,57.0,43.7,scored_subcategory,subcategory_weights_v2_bayes,64,64,1312,1362
food,restauration,bar,bar,casablanca_maarif,Maarif,Casablanca-Anfa,5,3.579892460030501,2.916559911308274,Modérée,0.598,139669,11263.6,75,15.1,24.0,90.0,43.5,85.1,85.1,56.4,35.2,scored_subcategory,subcategory_weights_v2_bayes,64,64,1312,1362
food,restauration,bar,bar,casablanca_moulay_rachid,Moulay Rachid,Moulay Rachid,1,0.40793182643316656,0.866343697418555,Faible,0.437,245139,34585.1,35,36.9,100.0,10.0,43.3,97.3,97.3,49.9,50.8,scored_subcategory,subcategory_weights_v2_bayes,64,64,1312,1362
food,restauration,bar,bar,casablanca_ain_chock,Ain Chock,Ain Chock,0,0.0,0.4192249058542272,Faible,0.396,374707,9500.2,55,63.6,18.2,50.0,47.5,100.0,100.0,49.5,46.5,scored_subcategory,subcategory_weights_v2_bayes,64,64,1312,1362
food,restauration,bar,bar,casablanca_anfa,Anfa,Casablanca-Anfa,4,6.0421135313132535,3.604102221293021,Modérée,0.558,66202,3914.3,80,0.0,0.0,100.0,35.0,81.0,81.0,49.3,37.4,scored_subcategory,subcategory_weights_v2_bayes,64,64,1312,1362
food,restauration,bar,bar,casablanca_sidi_othmane,Sidi Othmane,Moulay Rachid,1,0.47193408024767103,0.9586878791619674,Faible,0.437,211894,33870.5,35,30.0,97.7,10.0,39.9,96.8,96.8,48.1,51.5,scored_subcategory,subcategory_weights_v2_bayes,64,64,1312,1362
food,restauration,bar,bar,casablanca_mers_sultan,Mers Sultan,Al Fida-Mers Sultan,1,1.018962899560827,1.5090870418410443,Faible,0.437,98139,26559.9,50,6.6,73.8,40.0,35.1,93.5,93.5,46.6,49.0,scored_subcategory,subcategory_weights_v2_bayes,64,64,1312,1362
food,restauration,bar,bar,casablanca_al_fida,Al Fida,Al Fida-Mers Sultan,0,0.0,0.8808319164679026,Faible,0.396,125933,33166.4,40,12.3,95.4,20.0,35.8,97.2,97.2,45.6,52.7,scored_subcategory,subcategory_weights_v2_bayes,64,64,1312,1362
food,restauration,bar,bar,casablanca_ben_msick,Ben M'Sick,Ben M'Sick,0,0.0,0.9678861028701762,Faible,0.396,105612,33958.8,35,8.1,98.0,10.0,31.2,96.7,96.7,42.6,54.9,scored_subcategory,subcategory_weights_v2_bayes,64,64,1312,1362
food,restauration,bar,bar,casablanca_roches_noires,Roches Noires,Ain Sebaa-Hay Mohammadi,3,2.863278453829635,2.436864838888256,Modérée,0.518,104775,14243.5,50,7.9,33.7,40.0,25.6,88.0,88.0,41.4,48.1,scored_subcategory,subcategory_weights_v2_bayes,64,64,1312,1362
food,restauration,bar,bar,casablanca_sidi_belyout,Sidi Belyout,Casablanca-Anfa,39,28.200789622109422,17.201477995179662,Élevée,0.72,138294,13519.8,70,14.9,31.3,80.0,41.8,0.0,0.0,37.8,46.6,scored_subcategory,subcategory_weights_v2_bayes,64,64,1312,1362
food,restauration,bar,bar,casablanca_hay_mohammadi,Hay Mohammadi,Ain Sebaa-Hay Mohammadi,0,0.0,0.9744261300057907,Faible,0.396,104232,25055.8,35,7.8,68.9,10.0,23.8,96.7,96.7,37.3,56.6,scored_subcategory,subcategory_weights_v2_bayes,64,64,1312,1362
food,restauration,bar,bar,casablanca_ain_sebaa,Ain Sebaa,Ain Sebaa-Hay Mohammadi,0,0.0,0.7779015486316692,Faible,0.396,155828,10014.0,45,18.5,19.9,30.0,22.9,97.9,97.9,35.9,54.4,scored_subcategory,subcategory_weights_v2_bayes,64,64,1312,1362
food,restauration,bar,bar,casablanca_sidi_bernoussi,Sidi Bernoussi,Sidi Bernoussi,1,0.6454986154054699,1.1729568897702511,Faible,0.437,154919,12279.6,40,18.3,27.3,20.0,21.1,95.5,95.5,35.6,54.4,scored_subcategory,subcategory_weights_v2_bayes,64,64,1312,1362
food,restauration,bar,bar,casablanca_sbata,Sbata,Ben M'Sick,1,0.9838646202282566,1.4828853272333995,Faible,0.437,101640,14183.6,40,7.3,33.5,20.0,18.3,93.7,93.7,34.3,55.1,scored_subcategory,subcategory_weights_v2_bayes,64,64,1312,1362
food,restauration,cafe,café,casablanca_moulay_rachid,Moulay Rachid,Moulay Rachid,11,4.487250090764832,8.962184770244862,Faible,0.72,245139,34585.1,35,36.9,100.0,10.0,43.3,94.9,94.9,58.8,37.5,scored_subcategory,subcategory_weights_v2_bayes,641,672,1312,1362
food,restauration,cafe,café,casablanca_al_fida,Al Fida,Al Fida-Mers Sultan,8,6.352584310704899,12.362954899981592,Faible,0.72,125933,33166.4,40,12.3,95.4,20.0,35.8,91.0,91.0,58.5,37.6,scored_subcategory,subcategory_weights_v2_bayes,641,672,1312,1362
food,restauration,cafe,café,casablanca_mers_sultan,Mers Sultan,Al Fida-Mers Sultan,15,15.284443493412406,17.630045015961226,Modérée,0.72,98139,26559.9,50,6.6,73.8,40.0,35.1,84.9,84.9,58.1,36.0,scored_subcategory,subcategory_weights_v2_bayes,641,672,1312,1362
food,restauration,cafe,café,casablanca_sidi_othmane,Sidi Othmane,Moulay Rachid,10,4.71934080247671,9.596848574892563,Faible,0.72,211894,33870.5,35,30.0,97.7,10.0,39.9,94.2,94.2,57.5,38.1,scored_subcategory,subcategory_weights_v2_bayes,641,672,1312,1362
food,restauration,cafe,café,casablanca_maarif,Maarif,Casablanca-Anfa,103,73.74578467662832,51.29240531490323,Élevée,0.72,139669,11263.6,75,15.1,24.0,90.0,43.5,46.0,46.0,55.8,36.3,scored_subcategory,subcategory_weights_v2_bayes,641,672,1312,1362
food,restauration,cafe,café,casablanca_anfa,Anfa,Casablanca-Anfa,33,49.84743663333434,31.847989130200247,Élevée,0.72,66202,3914.3,80,0.0,0.0,100.0,35.0,68.5,68.5,55.5,30.5,scored_subcategory,subcategory_weights_v2_bayes,641,672,1312,1362
food,restauration,cafe,café,casablanca_hay_hassani,Hay Hassani,Hay Hassani,74,13.767211339717102,14.734222559081582,Modérée,0.72,537509,13203.4,50,97.1,30.3,40.0,60.4,88.3,88.3,53.7,35.9,scored_subcategory,subcategory_weights_v2_bayes,641,672,1312,1362
food,restauration,cafe,café,casablanca_ain_chock,Ain Chock,Ain Chock,63,16.81313666411356,17.470143666340586,Modérée,0.72,374707,9500.2,55,63.6,18.2,50.0,47.5,85.1,85.1,50.7,36.6,scored_subcategory,subcategory_weights_v2_bayes,641,672,1312,1362
food,restauration,cafe,café,casablanca_ben_msick,Ben M'Sick,Ben M'Sick,4,3.7874483960156047,11.639395995455232,Faible,0.558,105612,33958.8,35,8.1,98.0,10.0,31.2,91.9,91.9,49.3,47.2,scored_subcategory,subcategory_weights_v2_bayes,641,672,1312,1362
food,restauration,cafe,café,casablanca_sidi_moumen,Sidi Moumen,Sidi Bernoussi,10,1.813424052893953,4.5947220085526155,Faible,0.72,551443,21402.0,30,100.0,57.0,0.0,54.2,100.0,100.0,49.2,36.2,scored_subcategory,subcategory_weights_v2_bayes,641,672,1312,1362
food,restauration,cafe,café,casablanca_sidi_belyout,Sidi Belyout,Casablanca-Anfa,197,142.45014245014247,91.03544146901534,Élevée,0.72,138294,13519.8,70,14.9,31.3,80.0,41.8,0.0,0.0,46.0,46.6,scored_subcategory,subcategory_weights_v2_bayes,641,672,1312,1362
food,restauration,cafe,café,casablanca_roches_noires,Roches Noires,Ain Sebaa-Hay Mohammadi,33,31.49606299212598,25.848856009852476,Modérée,0.72,104775,14243.5,50,7.9,33.7,40.0,25.6,75.4,75.4,45.2,39.8,scored_subcategory,subcategory_weights_v2_bayes,641,672,1312,1362
food,restauration,cafe,café,casablanca_hay_mohammadi,Hay Mohammadi,Ain Sebaa-Hay Mohammadi,3,2.8781947962238084,11.228404409776829,Faible,0.518,104232,25055.8,35,7.8,68.9,10.0,23.8,92.3,92.3,39.7,50.7,scored_subcategory,subcategory_weights_v2_bayes,641,672,1312,1362
food,restauration,cafe,café,casablanca_ain_sebaa,Ain Sebaa,Ain Sebaa-Hay Mohammadi,39,25.02759452729933,23.035787675381666,Modérée,0.72,155828,10014.0,45,18.5,19.9,30.0,22.9,78.7,78.7,39.2,42.2,scored_subcategory,subcategory_weights_v2_bayes,641,672,1312,1362
food,restauration,cafe,café,casablanca_sbata,Sbata,Ben M'Sick,7,6.887052341597795,13.356474357357374,Faible,0.68,101640,14183.6,40,7.3,33.5,20.0,18.3,89.9,89.9,39.0,43.3,scored_subcategory,subcategory_weights_v2_bayes,641,672,1312,1362
food,restauration,cafe,café,casablanca_sidi_bernoussi,Sidi Bernoussi,Sidi Bernoussi,31,20.01045707756957,19.979677816943973,Modérée,0.72,154919,12279.6,40,18.3,27.3,20.0,21.1,82.2,82.2,38.3,43.0,scored_subcategory,subcategory_weights_v2_bayes,641,672,1312,1362
food,restauration,fast_food,fast-food,casablanca_hay_hassani,Hay Hassani,Hay Hassani,10,1.8604339648266353,2.3051233052416893,Faible,0.72,537509,13203.4,50,97.1,30.3,40.0,60.4,94.1,94.1,62.3,32.6,scored_subcategory,subcategory_weights_v2_bayes,151,153,1312,1362
food,restauration,fast_food,fast-food,casablanca_moulay_rachid,Moulay Rachid,Moulay Rachid,1,0.40793182643316656,1.650166608819415,Faible,0.437,245139,34585.1,35,36.9,100.0,10.0,43.3,96.8,96.8,58.2,50.6,scored_subcategory,subcategory_weights_v2_bayes,151,153,1312,1362
food,restauration,fast_food,fast-food,casablanca_sidi_othmane,Sidi Othmane,Moulay Rachid,1,0.47193408024767103,1.8260590239033905,Faible,0.437,211894,33870.5,35,30.0,97.7,10.0,39.9,96.1,96.1,56.1,51.4,scored_subcategory,subcategory_weights_v2_bayes,151,153,1312,1362
food,restauration,fast_food,fast-food,casablanca_sidi_moumen,Sidi Moumen,Sidi Bernoussi,1,0.18134240528939527,0.8742696647309498,Faible,0.437,551443,21402.0,30,100.0,57.0,0.0,54.2,100.0,100.0,54.7,49.4,scored_subcategory,subcategory_weights_v2_bayes,151,153,1312,1362
food,restauration,fast_food,fast-food,casablanca_ain_chock,Ain Chock,Ain Chock,8,2.1350014811572775,2.67435882176021,Faible,0.72,374707,9500.2,55,63.6,18.2,50.0,47.5,92.6,92.6,53.8,33.6,scored_subcategory,subcategory_weights_v2_bayes,151,153,1312,1362
food,restauration,fast_food,fast-food,casablanca_al_fida,Al Fida,Al Fida-Mers Sultan,1,0.7940730388381124,2.520821894992427,Faible,0.437,125933,33166.4,40,12.3,95.4,20.0,35.8,93.2,93.2,53.3,51.1,scored_subcategory,subcategory_weights_v2_bayes,151,153,1312,1362
food,restauration,fast_food,fast-food,casablanca_ben_msick,Ben M'Sick,Ben M'Sick,1,0.9468620990039012,2.769959210558353,Faible,0.437,105612,33958.8,35,8.1,98.0,10.0,31.2,92.2,92.2,51.4,53.3,scored_subcategory,subcategory_weights_v2_bayes,151,153,1312,1362
food,restauration,fast_food,fast-food,casablanca_mers_sultan,Mers Sultan,Al Fida-Mers Sultan,2,2.037925799121654,3.379127043143067,Faible,0.477,98139,26559.9,50,6.6,73.8,40.0,35.1,89.6,89.6,49.7,47.2,scored_subcategory,subcategory_weights_v2_bayes,151,153,1312,1362
food,restauration,fast_food,fast-food,casablanca_hay_mohammadi,Hay Mohammadi,Ain Sebaa-Hay Mohammadi,8,7.675186123263488,6.2161505209826275,Modérée,0.72,104232,25055.8,35,7.8,68.9,10.0,23.8,77.9,77.9,49.6,43.6,scored_subcategory,subcategory_weights_v2_bayes,151,153,1312,1362
food,restauration,fast_food,fast-food,casablanca_roches_noires,Roches Noires,Ain Sebaa-Hay Mohammadi,9,8.589835361488905,6.688008073257595,Modérée,0.72,104775,14243.5,50,7.9,33.7,40.0,25.6,76.0,76.0,43.3,40.0,scored_subcategory,subcategory_weights_v2_bayes,151,153,1312,1362
food,restauration,fast_food,fast-food,casablanca_maarif,Maarif,Casablanca-Anfa,38,27.207182696231804,17.814305785067422,Élevée,0.72,139669,11263.6,75,15.1,24.0,90.0,43.5,29.9,29.9,40.4,39.5,scored_subcategory,subcategory_weights_v2_bayes,151,153,1312,1362
food,restauration,fast_food,fast-food,casablanca_anfa,Anfa,Casablanca-Anfa,10,15.105283828283133,8.841872259066221,Élevée,0.72,66202,3914.3,80,0.0,0.0,100.0,35.0,67.0,67.0,39.9,31.0,scored_subcategory,subcategory_weights_v2_bayes,151,153,1312,1362
food,restauration,fast_food,fast-food,casablanca_ain_sebaa,Ain Sebaa,Ain Sebaa-Hay Mohammadi,5,3.2086659650383758,3.789799604426896,Modérée,0.598,155828,10014.0,45,18.5,19.9,30.0,22.9,87.9,87.9,37.0,46.3,scored_subcategory,subcategory_weights_v2_bayes,151,153,1312,1362
food,restauration,fast_food,fast-food,casablanca_sidi_belyout,Sidi Belyout,Casablanca-Anfa,55,39.770344338872256,25.051142090028808,Élevée,0.72,138294,13519.8,70,14.9,31.3,80.0,41.8,0.0,0.0,34.3,46.6,scored_subcategory,subcategory_weights_v2_bayes,151,153,1312,1362
food,restauration,fast_food,fast-food,casablanca_sidi_bernoussi,Sidi Bernoussi,Sidi Bernoussi,1,0.6454986154054699,2.2341875387920243,Faible,0.437,154919,12279.6,40,18.3,27.3,20.0,21.1,94.4,94.4,32.9,54.3,scored_subcategory,subcategory_weights_v2_bayes,151,153,1312,1362
food,restauration,fast_food,fast-food,casablanca_sbata,Sbata,Ben M'Sick,0,0.0,2.3285898294054954,Faible,0.396,101640,14183.6,40,7.3,33.5,20.0,18.3,94.0,94.0,31.3,56.6,scored_subcategory,subcategory_weights_v2_bayes,151,153,1312,1362
food,restauration,ice_cream,glacier,casablanca_hay_hassani,Hay Hassani,Hay Hassani,0,0.0,0.06828643701909495,Faible,0.396,537509,13203.4,50,97.1,30.3,40.0,60.4,99.9,99.9,55.1,44.9,scored_subcategory,subcategory_weights_v2_bayes,14,15,1312,1362
food,restauration,ice_cream,glacier,casablanca_sidi_moumen,Sidi Moumen,Sidi Bernoussi,0,0.0,0.06682582847249291,Faible,0.396,551443,21402.0,30,100.0,57.0,0.0,54.2,100.0,100.0,50.0,51.1,scored_subcategory,subcategory_weights_v2_bayes,14,15,1312,1362
food,restauration,ice_cream,glacier,casablanca_moulay_rachid,Moulay Rachid,Moulay Rachid,0,0.0,0.1261324225242763,Faible,0.396,245139,34585.1,35,36.9,100.0,10.0,43.3,97.7,97.7,48.4,52.3,scored_subcategory,subcategory_weights_v2_bayes,14,15,1312,1362
food,restauration,ice_cream,glacier,casablanca_ain_chock,Ain Chock,Ain Chock,3,0.8006255554339791,0.7236742204720095,Faible,0.518,374707,9500.2,55,63.6,18.2,50.0,47.5,74.9,74.9,47.8,49.7,scored_subcategory,subcategory_weights_v2_bayes,14,15,1312,1362
food,restauration,ice_cream,glacier,casablanca_sidi_othmane,Sidi Othmane,Moulay Rachid,0,0.0,0.1395769658204589,Faible,0.396,211894,33870.5,35,30.0,97.7,10.0,39.9,97.2,97.2,46.6,53.0,scored_subcategory,subcategory_weights_v2_bayes,14,15,1312,1362
food,restauration,ice_cream,glacier,casablanca_al_fida,Al Fida,Al Fida-Mers Sultan,0,0.0,0.1926819817273537,Faible,0.396,125933,33166.4,40,12.3,95.4,20.0,35.8,95.2,95.2,45.1,52.7,scored_subcategory,subcategory_weights_v2_bayes,14,15,1312,1362
food,restauration,ice_cream,glacier,casablanca_mers_sultan,Mers Sultan,Al Fida-Mers Sultan,0,0.0,0.21971049706320414,Faible,0.396,98139,26559.9,50,6.6,73.8,40.0,35.1,94.2,94.2,45.1,50.5,scored_subcategory,subcategory_weights_v2_bayes,14,15,1312,1362
food,restauration,ice_cream,glacier,casablanca_ben_msick,Ben M'Sick,Ben M'Sick,0,0.0,0.211725085002851,Faible,0.396,105612,33958.8,35,8.1,98.0,10.0,31.2,94.5,94.5,42.0,54.9,scored_subcategory,subcategory_weights_v2_bayes,14,15,1312,1362
food,restauration,ice_cream,glacier,casablanca_anfa,Anfa,Casablanca-Anfa,1,1.5105283828283134,0.8636070455085149,Faible,0.437,66202,3914.3,80,0.0,0.0,100.0,35.0,69.6,69.6,41.5,44.3,scored_subcategory,subcategory_weights_v2_bayes,14,15,1312,1362
food,restauration,ice_cream,glacier,casablanca_sidi_belyout,Sidi Belyout,Casablanca-Anfa,4,2.8923886791907094,1.861285715031038,Modérée,0.558,138294,13519.8,70,14.9,31.3,80.0,41.8,31.5,31.5,39.5,48.4,scored_subcategory,subcategory_weights_v2_bayes,14,15,1312,1362
food,restauration,ice_cream,glacier,casablanca_roches_noires,Roches Noires,Ain Sebaa-Hay Mohammadi,0,0.0,0.21259049287074205,Faible,0.396,104775,14243.5,50,7.9,33.7,40.0,25.6,94.4,94.4,38.2,52.6,scored_subcategory,subcategory_weights_v2_bayes,14,15,1312,1362
food,restauration,ice_cream,glacier,casablanca_hay_mohammadi,Hay Mohammadi,Ain Sebaa-Hay Mohammadi,0,0.0,0.21315571593876673,Faible,0.396,104232,25055.8,35,7.8,68.9,10.0,23.8,94.4,94.4,36.7,56.6,scored_subcategory,subcategory_weights_v2_bayes,14,15,1312,1362
food,restauration,ice_cream,glacier,casablanca_maarif,Maarif,Casablanca-Anfa,6,4.2958709520366005,2.685091597902132,Modérée,0.639,139669,11263.6,75,15.1,24.0,90.0,43.5,0.0,0.0,35.9,49.0,scored_subcategory,subcategory_weights_v2_bayes,14,15,1312,1362
food,restauration,ice_cream,glacier,casablanca_ain_sebaa,Ain Sebaa,Ain Sebaa-Hay Mohammadi,0,0.0,0.1701659637631776,Faible,0.396,155828,10014.0,45,18.5,19.9,30.0,22.9,96.1,96.1,35.4,54.4,scored_subcategory,subcategory_weights_v2_bayes,14,15,1312,1362
food,restauration,ice_cream,glacier,casablanca_sidi_bernoussi,Sidi Bernoussi,Sidi Bernoussi,0,0.0,0.17077274811844625,Faible,0.396,154919,12279.6,40,18.3,27.3,20.0,21.1,96.0,96.0,34.1,56.0,scored_subcategory,subcategory_weights_v2_bayes,14,15,1312,1362
food,restauration,ice_cream,glacier,casablanca_sbata,Sbata,Ben M'Sick,0,0.0,0.21589574577269494,Faible,0.396,101640,14183.6,40,7.3,33.5,20.0,18.3,94.3,94.3,32.8,56.6,scored_subcategory,subcategory_weights_v2_bayes,14,15,1312,1362
food,restauration,restaurant,restaurant,casablanca_mers_sultan,Mers Sultan,Al Fida-Mers Sultan,9,9.170666096047443,11.431759226736615,Modérée,0.72,98139,26559.9,50,6.6,73.8,40.0,35.1,90.2,90.2,59.4,35.6,scored_subcategory,subcategory_weights_v2_bayes,439,455,1312,1362
food,restauration,restaurant,restaurant,casablanca_maarif,Maarif,Casablanca-Anfa,68,48.68653745641481,34.068141234061834,Élevée,0.72,139669,11263.6,75,15.1,24.0,90.0,43.5,65.5,65.5,57.3,32.8,scored_subcategory,subcategory_weights_v2_bayes,439,455,1312,1362
food,restauration,restaurant,restaurant,casablanca_al_fida,Al Fida,Al Fida-Mers Sultan,6,4.764438233028674,8.697610979477837,Faible,0.639,125933,33166.4,40,12.3,95.4,20.0,35.8,93.1,93.1,57.1,41.5,scored_subcategory,subcategory_weights_v2_bayes,439,455,1312,1362
food,restauration,restaurant,restaurant,casablanca_hay_hassani,Hay Hassani,Hay Hassani,33,6.139432083927898,7.3176650704952655,Faible,0.72,537509,13203.4,50,97.1,30.3,40.0,60.4,94.6,94.6,57.1,32.1,scored_subcategory,subcategory_weights_v2_bayes,439,455,1312,1362
food,restauration,restaurant,restaurant,casablanca_ain_chock,Ain Chock,Ain Chock,14,3.7362525920252354,5.8248084427370275,Faible,0.72,374707,9500.2,55,63.6,18.2,50.0,47.5,96.3,96.3,53.9,32.1,scored_subcategory,subcategory_weights_v2_bayes,439,455,1312,1362
food,restauration,restaurant,restaurant,casablanca_moulay_rachid,Moulay Rachid,Moulay Rachid,2,0.8158636528663331,4.53462906662639,Faible,0.477,245139,34585.1,35,36.9,100.0,10.0,43.3,97.7,97.7,52.5,48.5,scored_subcategory,subcategory_weights_v2_bayes,439,455,1312,1362
food,restauration,restaurant,restaurant,casablanca_anfa,Anfa,Casablanca-Anfa,53,80.05800428990061,40.102269175018144,Élevée,0.72,66202,3914.3,80,0.0,0.0,100.0,35.0,59.0,59.0,51.0,32.2,scored_subcategory,subcategory_weights_v2_bayes,439,455,1312,1362
food,restauration,restaurant,restaurant,casablanca_sidi_othmane,Sidi Othmane,Moulay Rachid,1,0.47193408024767103,4.697356606495687,Faible,0.437,211894,33870.5,35,30.0,97.7,10.0,39.9,97.5,97.5,49.6,51.0,scored_subcategory,subcategory_weights_v2_bayes,439,455,1312,1362
food,restauration,restaurant,restaurant,casablanca_ben_msick,Ben M'Sick,Ben M'Sick,2,1.8937241980078023,7.611799610073176,Faible,0.477,105612,33958.8,35,8.1,98.0,10.0,31.2,94.3,94.3,48.3,51.1,scored_subcategory,subcategory_weights_v2_bayes,439,455,1312,1362
food,restauration,restaurant,restaurant,casablanca_roches_noires,Roches Noires,Ain Sebaa-Hay Mohammadi,14,13.36196611787163,13.503002521920969,Modérée,0.72,104775,14243.5,50,7.9,33.7,40.0,25.6,87.9,87.9,47.8,38.1,scored_subcategory,subcategory_weights_v2_bayes,439,455,1312,1362
food,restauration,restaurant,restaurant,casablanca_sidi_moumen,Sidi Moumen,Sidi Bernoussi,2,0.36268481057879054,2.4024777937998656,Faible,0.477,551443,21402.0,30,100.0,57.0,0.0,54.2,100.0,100.0,44.0,47.3,scored_subcategory,subcategory_weights_v2_bayes,439,455,1312,1362
food,restauration,restaurant,restaurant,casablanca_sidi_belyout,Sidi Belyout,Casablanca-Anfa,211,152.57350282730994,94.27462437756034,Élevée,0.72,138294,13519.8,70,14.9,31.3,80.0,41.8,0.0,0.0,43.1,46.6,scored_subcategory,subcategory_weights_v2_bayes,439,455,1312,1362
food,restauration,restaurant,restaurant,casablanca_ain_sebaa,Ain Sebaa,Ain Sebaa-Hay Mohammadi,9,5.7755987370690764,8.853907083768648,Faible,0.72,155828,10014.0,45,18.5,19.9,30.0,22.9,93.0,93.0,42.8,39.5,scored_subcategory,subcategory_weights_v2_bayes,439,455,1312,1362
food,restauration,restaurant,restaurant,casablanca_sidi_bernoussi,Sidi Bernoussi,Sidi Bernoussi,9,5.809487538649229,8.885478687058894,Faible,0.72,154919,12279.6,40,18.3,27.3,20.0,21.1,92.9,92.9,41.7,41.1,scored_subcategory,subcategory_weights_v2_bayes,439,455,1312,1362
food,restauration,restaurant,restaurant,casablanca_hay_mohammadi,Hay Mohammadi,Ain Sebaa-Hay Mohammadi,2,1.918796530815872,7.663232703133525,Faible,0.477,104232,25055.8,35,7.8,68.9,10.0,23.8,94.3,94.3,40.2,52.8,scored_subcategory,subcategory_weights_v2_bayes,439,455,1312,1362
food,restauration,restaurant,restaurant,casablanca_sbata,Sbata,Ben M'Sick,4,3.9354584809130264,8.75360712867668,Faible,0.558,101640,14183.6,40,7.3,33.5,20.0,18.3,93.1,93.1,36.2,49.0,scored_subcategory,subcategory_weights_v2_bayes,439,455,1312,1362
retail,commerce de détail,bakery,boulangerie,casablanca_sidi_moumen,Sidi Moumen,Sidi Bernoussi,4,0.7253696211575811,0.9624704504313888,Faible,0.48,551443,21402.0,30,100.0,57.0,0.0,54.2,97.1,97.1,58.8,50.8,scored_subcategory,subcategory_weights_v2_bayes,73,75,1225,1251
retail,commerce de détail,bakery,boulangerie,casablanca_hay_hassani,Hay Hassani,Hay Hassani,16,2.9766943437226168,2.8658334825710305,Modérée,0.62,537509,13203.4,50,97.1,30.3,40.0,60.4,73.9,73.9,58.6,49.3,scored_subcategory,subcategory_weights_v2_bayes,73,75,1225,1251
retail,commerce de détail,bakery,boulangerie,casablanca_moulay_rachid,Moulay Rachid,Moulay Rachid,1,0.40793182643316656,0.9474288261841611,Faible,0.376,245139,34585.1,35,36.9,100.0,10.0,43.3,97.3,97.3,55.3,54.2,scored_subcategory,subcategory_weights_v2_bayes,73,75,1225,1251
retail,commerce de détail,bakery,boulangerie,casablanca_sidi_othmane,Sidi Othmane,Moulay Rachid,0,0.0,0.7277941789209641,Faible,0.341,211894,33870.5,35,30.0,97.7,10.0,39.9,100.0,100.0,52.1,55.7,scored_subcategory,subcategory_weights_v2_bayes,73,75,1225,1251
retail,commerce de détail,bakery,boulangerie,casablanca_al_fida,Al Fida,Al Fida-Mers Sultan,1,0.7940730388381124,1.4473079967971707,Faible,0.376,125933,33166.4,40,12.3,95.4,20.0,35.8,91.2,91.2,49.1,54.6,scored_subcategory,subcategory_weights_v2_bayes,73,75,1225,1251
retail,commerce de détail,bakery,boulangerie,casablanca_ben_msick,Ben M'Sick,Ben M'Sick,1,0.9468620990039012,1.5903480226853255,Faible,0.376,105612,33958.8,35,8.1,98.0,10.0,31.2,89.5,89.5,46.8,56.8,scored_subcategory,subcategory_weights_v2_bayes,73,75,1225,1251
retail,commerce de détail,bakery,boulangerie,casablanca_ain_chock,Ain Chock,Ain Chock,2,0.5337503702893194,0.8994909231175762,Faible,0.411,374707,9500.2,55,63.6,18.2,50.0,47.5,97.9,97.9,45.4,47.7,scored_subcategory,subcategory_weights_v2_bayes,73,75,1225,1251
retail,commerce de détail,bakery,boulangerie,casablanca_mers_sultan,Mers Sultan,Al Fida-Mers Sultan,2,2.037925799121654,2.1550257023623574,Modérée,0.411,98139,26559.9,50,6.6,73.8,40.0,35.1,82.6,82.6,44.7,51.6,scored_subcategory,subcategory_weights_v2_bayes,73,75,1225,1251
retail,commerce de détail,bakery,boulangerie,casablanca_maarif,Maarif,Casablanca-Anfa,11,7.875763412067101,5.536780466561696,Élevée,0.62,139669,11263.6,75,15.1,24.0,90.0,43.5,41.3,41.3,41.2,42.3,scored_subcategory,subcategory_weights_v2_bayes,73,75,1225,1251
retail,commerce de détail,bakery,boulangerie,casablanca_hay_mohammadi,Hay Mohammadi,Ain Sebaa-Hay Mohammadi,0,0.0,1.1114548045378547,Faible,0.341,104232,25055.8,35,7.8,68.9,10.0,23.8,95.3,95.3,37.7,59.2,scored_subcategory,subcategory_weights_v2_bayes,73,75,1225,1251
retail,commerce de détail,bakery,boulangerie,casablanca_sidi_belyout,Sidi Belyout,Casablanca-Anfa,19,13.738846226155871,8.9259261149688,Élevée,0.62,138294,13519.8,70,14.9,31.3,80.0,41.8,0.0,0.0,33.3,51.4,scored_subcategory,subcategory_weights_v2_bayes,73,75,1225,1251
retail,commerce de détail,bakery,boulangerie,casablanca_roches_noires,Roches Noires,Ain Sebaa-Hay Mohammadi,2,1.90885230255309,2.0851892938121117,Modérée,0.411,104775,14243.5,50,7.9,33.7,40.0,25.6,83.4,83.4,33.1,53.7,scored_subcategory,subcategory_weights_v2_bayes,73,75,1225,1251
retail,commerce de détail,bakery,boulangerie,casablanca_sidi_bernoussi,Sidi Bernoussi,Sidi Bernoussi,6,3.8729916924328203,3.2441467197045935,Modérée,0.55,154919,12279.6,40,18.3,27.3,20.0,21.1,69.3,69.3,32.9,54.2,scored_subcategory,subcategory_weights_v2_bayes,73,75,1225,1251
retail,commerce de détail,bakery,boulangerie,casablanca_ain_sebaa,Ain Sebaa,Ain Sebaa-Hay Mohammadi,3,1.9251995790230254,2.059956836782429,Modérée,0.446,155828,10014.0,45,18.5,19.9,30.0,22.9,83.8,83.8,31.0,54.8,scored_subcategory,subcategory_weights_v2_bayes,73,75,1225,1251
retail,commerce de détail,bakery,boulangerie,casablanca_anfa,Anfa,Casablanca-Anfa,4,6.0421135313132535,3.772485515459352,Élevée,0.48,66202,3914.3,80,0.0,0.0,100.0,35.0,62.9,62.9,30.9,43.1,scored_subcategory,subcategory_weights_v2_bayes,73,75,1225,1251
retail,commerce de détail,bakery,boulangerie,casablanca_sbata,Sbata,Ben M'Sick,1,0.9838646202282566,1.621675449515846,Faible,0.376,101640,14183.6,40,7.3,33.5,20.0,18.3,89.1,89.1,29.0,58.5,scored_subcategory,subcategory_weights_v2_bayes,73,75,1225,1251
retail,commerce de détail,clothing,boutique de vêtements,casablanca_hay_hassani,Hay Hassani,Hay Hassani,9,1.674390568343972,1.9873018873859634,Faible,0.62,537509,13203.4,50,97.1,30.3,40.0,60.4,93.9,93.9,56.6,37.5,scored_subcategory,subcategory_weights_v2_bayes,118,120,1225,1251
retail,commerce de détail,clothing,boutique de vêtements,casablanca_anfa,Anfa,Casablanca-Anfa,12,18.126340593939762,9.427821800733673,Élevée,0.62,66202,3914.3,80,0.0,0.0,100.0,35.0,58.2,58.2,55.8,37.0,scored_subcategory,subcategory_weights_v2_bayes,118,120,1225,1251
retail,commerce de détail,clothing,boutique de vêtements,casablanca_mers_sultan,Mers Sultan,Al Fida-Mers Sultan,6,6.113777397364962,4.880022806845386,Modérée,0.55,98139,26559.9,50,6.6,73.8,40.0,35.1,80.0,80.0,51.3,45.3,scored_subcategory,subcategory_weights_v2_bayes,118,120,1225,1251
retail,commerce de détail,clothing,boutique de vêtements,casablanca_sidi_belyout,Sidi Belyout,Casablanca-Anfa,35,25.30840094291871,16.227529182126023,Élevée,0.62,138294,13519.8,70,14.9,31.3,80.0,41.8,25.6,25.6,50.1,46.6,scored_subcategory,subcategory_weights_v2_bayes,118,120,1225,1251
retail,commerce de détail,clothing,boutique de vêtements,casablanca_maarif,Maarif,Casablanca-Anfa,48,34.366967616292804,21.558578034395513,Élevée,0.62,139669,11263.6,75,15.1,24.0,90.0,43.5,0.0,0.0,47.2,49.9,scored_subcategory,subcategory_weights_v2_bayes,118,120,1225,1251
retail,commerce de détail,clothing,boutique de vêtements,casablanca_ain_chock,Ain Chock,Ain Chock,1,0.2668751851446597,0.9836021776075307,Faible,0.376,374707,9500.2,55,63.6,18.2,50.0,47.5,98.7,98.7,45.0,47.9,scored_subcategory,subcategory_weights_v2_bayes,118,120,1225,1251
retail,commerce de détail,clothing,boutique de vêtements,casablanca_al_fida,Al Fida,Al Fida-Mers Sultan,1,0.7940730388381124,2.066642938063665,Faible,0.376,125933,33166.4,40,12.3,95.4,20.0,35.8,93.5,93.5,44.4,54.1,scored_subcategory,subcategory_weights_v2_bayes,118,120,1225,1251
retail,commerce de détail,clothing,boutique de vêtements,casablanca_moulay_rachid,Moulay Rachid,Moulay Rachid,0,0.0,1.0631161327046146,Faible,0.341,245139,34585.1,35,36.9,100.0,10.0,43.3,98.3,98.3,43.6,54.9,scored_subcategory,subcategory_weights_v2_bayes,118,120,1225,1251
retail,commerce de détail,clothing,boutique de vêtements,casablanca_sidi_othmane,Sidi Othmane,Moulay Rachid,0,0.0,1.1764344262010105,Faible,0.341,211894,33870.5,35,30.0,97.7,10.0,39.9,97.8,97.8,42.3,55.7,scored_subcategory,subcategory_weights_v2_bayes,118,120,1225,1251
retail,commerce de détail,clothing,boutique de vêtements,casablanca_ben_msick,Ben M'Sick,Ben M'Sick,1,0.9468620990039012,2.2708929387659187,Faible,0.376,105612,33958.8,35,8.1,98.0,10.0,31.2,92.5,92.5,40.6,56.3,scored_subcategory,subcategory_weights_v2_bayes,118,120,1225,1251
retail,commerce de détail,clothing,boutique de vêtements,casablanca_sidi_moumen,Sidi Moumen,Sidi Bernoussi,1,0.18134240528939527,0.7167516404743592,Faible,0.376,551443,21402.0,30,100.0,57.0,0.0,54.2,100.0,100.0,38.4,52.4,scored_subcategory,subcategory_weights_v2_bayes,118,120,1225,1251
retail,commerce de détail,clothing,boutique de vêtements,casablanca_roches_noires,Roches Noires,Ain Sebaa-Hay Mohammadi,0,0.0,1.7918341541962546,Faible,0.341,104775,14243.5,50,7.9,33.7,40.0,25.6,94.8,94.8,36.8,55.2,scored_subcategory,subcategory_weights_v2_bayes,118,120,1225,1251
retail,commerce de détail,clothing,boutique de vêtements,casablanca_hay_mohammadi,Hay Mohammadi,Ain Sebaa-Hay Mohammadi,0,0.0,1.7965981771981765,Faible,0.341,104232,25055.8,35,7.8,68.9,10.0,23.8,94.8,94.8,33.1,59.2,scored_subcategory,subcategory_weights_v2_bayes,118,120,1225,1251
retail,commerce de détail,clothing,boutique de vêtements,casablanca_ain_sebaa,Ain Sebaa,Ain Sebaa-Hay Mohammadi,1,0.6417331930076752,1.8251436079144503,Faible,0.376,155828,10014.0,45,18.5,19.9,30.0,22.9,94.7,94.7,32.5,55.7,scored_subcategory,subcategory_weights_v2_bayes,118,120,1225,1251
retail,commerce de détail,clothing,boutique de vêtements,casablanca_sidi_bernoussi,Sidi Bernoussi,Sidi Bernoussi,3,1.9364958462164101,2.6162147149703947,Modérée,0.446,154919,12279.6,40,18.3,27.3,20.0,21.1,90.9,90.9,32.5,54.7,scored_subcategory,subcategory_weights_v2_bayes,118,120,1225,1251
retail,commerce de détail,clothing,boutique de vêtements,casablanca_sbata,Sbata,Ben M'Sick,0,0.0,1.819692714369857,Faible,0.341,101640,14183.6,40,7.3,33.5,20.0,18.3,94.7,94.7,29.0,59.2,scored_subcategory,subcategory_weights_v2_bayes,118,120,1225,1251
retail,commerce de détail,electronics,magasin d'électronique,casablanca_anfa,Anfa,Casablanca-Anfa,1,1.5105283828283134,1.2565013985632874,Modérée,0.376,66202,3914.3,80,0.0,0.0,100.0,35.0,80.2,80.2,54.7,45.9,scored_subcategory,subcategory_weights_v2_bayes,35,35,1225,1251
retail,commerce de détail,electronics,magasin d'électronique,casablanca_maarif,Maarif,Casablanca-Anfa,11,7.875763412067101,5.043760542431501,Élevée,0.62,139669,11263.6,75,15.1,24.0,90.0,43.5,0.6,0.6,50.7,49.9,scored_subcategory,subcategory_weights_v2_bayes,35,35,1225,1251
retail,commerce de détail,electronics,magasin d'électronique,casablanca_hay_hassani,Hay Hassani,Hay Hassani,3,0.5581301894479906,0.6412976843370297,Faible,0.446,537509,13203.4,50,97.1,30.3,40.0,60.4,93.1,93.1,49.7,47.4,scored_subcategory,subcategory_weights_v2_bayes,35,35,1225,1251
retail,commerce de détail,electronics,magasin d'électronique,casablanca_sidi_belyout,Sidi Belyout,Casablanca-Anfa,11,7.954068867774451,5.072863964027695,Élevée,0.62,138294,13519.8,70,14.9,31.3,80.0,41.8,0.0,0.0,47.5,51.4,scored_subcategory,subcategory_weights_v2_bayes,35,35,1225,1251
retail,commerce de détail,electronics,magasin d'électronique,casablanca_ain_chock,Ain Chock,Ain Chock,2,0.5337503702893194,0.6505761352666286,Faible,0.411,374707,9500.2,55,63.6,18.2,50.0,47.5,93.0,93.0,47.1,49.1,scored_subcategory,subcategory_weights_v2_bayes,35,35,1225,1251
retail,commerce de détail,electronics,magasin d'électronique,casablanca_mers_sultan,Mers Sultan,Al Fida-Mers Sultan,1,1.018962899560827,1.0539724407815498,Faible,0.376,98139,26559.9,50,6.6,73.8,40.0,35.1,84.5,84.5,42.8,53.1,scored_subcategory,subcategory_weights_v2_bayes,35,35,1225,1251
retail,commerce de détail,electronics,magasin d'électronique,casablanca_al_fida,Al Fida,Al Fida-Mers Sultan,0,0.0,0.4817049543183842,Faible,0.341,125933,33166.4,40,12.3,95.4,20.0,35.8,96.5,96.5,39.3,55.4,scored_subcategory,subcategory_weights_v2_bayes,35,35,1225,1251
retail,commerce de détail,electronics,magasin d'électronique,casablanca_moulay_rachid,Moulay Rachid,Moulay Rachid,0,0.0,0.3153310563106908,Faible,0.341,245139,34585.1,35,36.9,100.0,10.0,43.3,100.0,100.0,39.0,54.9,scored_subcategory,subcategory_weights_v2_bayes,35,35,1225,1251
retail,commerce de détail,electronics,magasin d'électronique,casablanca_sidi_othmane,Sidi Othmane,Moulay Rachid,0,0.0,0.3489424145511472,Faible,0.341,211894,33870.5,35,30.0,97.7,10.0,39.9,99.3,99.3,37.8,55.7,scored_subcategory,subcategory_weights_v2_bayes,35,35,1225,1251
retail,commerce de détail,electronics,magasin d'électronique,casablanca_roches_noires,Roches Noires,Ain Sebaa-Hay Mohammadi,2,1.90885230255309,1.5081579560200977,Modérée,0.411,104775,14243.5,50,7.9,33.7,40.0,25.6,74.9,74.9,36.1,55.1,scored_subcategory,subcategory_weights_v2_bayes,35,35,1225,1251
retail,commerce de détail,electronics,magasin d'électronique,casablanca_sidi_moumen,Sidi Moumen,Sidi Bernoussi,1,0.18134240528939527,0.32056994310172265,Faible,0.376,551443,21402.0,30,100.0,57.0,0.0,54.2,99.9,99.9,35.7,53.7,scored_subcategory,subcategory_weights_v2_bayes,35,35,1225,1251
retail,commerce de détail,electronics,magasin d'électronique,casablanca_ben_msick,Ben M'Sick,Ben M'Sick,1,0.9468620990039012,1.0156656491061586,Faible,0.376,105612,33958.8,35,8.1,98.0,10.0,31.2,85.3,85.3,34.4,57.5,scored_subcategory,subcategory_weights_v2_bayes,35,35,1225,1251
retail,commerce de détail,electronics,magasin d'électronique,casablanca_ain_sebaa,Ain Sebaa,Ain Sebaa-Hay Mohammadi,2,1.2834663860153503,1.2071901646575647,Faible,0.411,155828,10014.0,45,18.5,19.9,30.0,22.9,81.3,81.3,32.1,56.9,scored_subcategory,subcategory_weights_v2_bayes,35,35,1225,1251
retail,commerce de détail,electronics,magasin d'électronique,casablanca_hay_mohammadi,Hay Mohammadi,Ain Sebaa-Hay Mohammadi,0,0.0,0.5328892898469167,Faible,0.341,104232,25055.8,35,7.8,68.9,10.0,23.8,95.4,95.4,30.2,59.2,scored_subcategory,subcategory_weights_v2_bayes,35,35,1225,1251
retail,commerce de détail,electronics,magasin d'électronique,casablanca_sidi_bernoussi,Sidi Bernoussi,Sidi Bernoussi,0,0.0,0.4269318702961156,Faible,0.341,154919,12279.6,40,18.3,27.3,20.0,21.1,97.7,97.7,29.2,58.6,scored_subcategory,subcategory_weights_v2_bayes,35,35,1225,1251
retail,commerce de détail,electronics,magasin d'électronique,casablanca_sbata,Sbata,Ben M'Sick,0,0.0,0.5397393644317373,Faible,0.341,101640,14183.6,40,7.3,33.5,20.0,18.3,95.3,95.3,28.6,59.2,scored_subcategory,subcategory_weights_v2_bayes,35,35,1225,1251
retail,commerce de détail,furniture,magasin de meubles,casablanca_hay_hassani,Hay Hassani,Hay Hassani,3,0.5581301894479906,0.6559304922696929,Faible,0.446,537509,13203.4,50,97.1,30.3,40.0,60.4,94.2,94.2,54.2,45.3,scored_subcategory,subcategory_weights_v2_bayes,38,39,1225,1251
retail,commerce de détail,furniture,magasin de meubles,casablanca_sidi_belyout,Sidi Belyout,Casablanca-Anfa,0,0.0,0.49586473934030945,Faible,0.341,138294,13519.8,70,14.9,31.3,80.0,41.8,96.2,96.2,49.9,46.8,scored_subcategory,subcategory_weights_v2_bayes,38,39,1225,1251
retail,commerce de détail,furniture,magasin de meubles,casablanca_ain_chock,Ain Chock,Ain Chock,3,0.8006255554339791,0.8808835601673447,Faible,0.446,374707,9500.2,55,63.6,18.2,50.0,47.5,91.5,91.5,49.3,47.0,scored_subcategory,subcategory_weights_v2_bayes,38,39,1225,1251
retail,commerce de détail,furniture,magasin de meubles,casablanca_anfa,Anfa,Casablanca-Anfa,5,7.552641914141566,3.7193390705067304,Élevée,0.515,66202,3914.3,80,0.0,0.0,100.0,35.0,57.1,57.1,47.4,42.3,scored_subcategory,subcategory_weights_v2_bayes,38,39,1225,1251
retail,commerce de détail,furniture,magasin de meubles,casablanca_moulay_rachid,Moulay Rachid,Moulay Rachid,0,0.0,0.34235943256589285,Faible,0.341,245139,34585.1,35,36.9,100.0,10.0,43.3,98.0,98.0,43.8,54.9,scored_subcategory,subcategory_weights_v2_bayes,38,39,1225,1251
retail,commerce de détail,furniture,magasin de meubles,casablanca_sidi_moumen,Sidi Moumen,Sidi Bernoussi,0,0.0,0.18138439156819505,Faible,0.341,551443,21402.0,30,100.0,57.0,0.0,54.2,100.0,100.0,43.4,53.7,scored_subcategory,subcategory_weights_v2_bayes,38,39,1225,1251
retail,commerce de détail,furniture,magasin de meubles,casablanca_mers_sultan,Mers Sultan,Al Fida-Mers Sultan,0,0.0,0.5963570634572684,Faible,0.341,98139,26559.9,50,6.6,73.8,40.0,35.1,95.0,95.0,43.1,53.1,scored_subcategory,subcategory_weights_v2_bayes,38,39,1225,1251
retail,commerce de détail,furniture,magasin de meubles,casablanca_maarif,Maarif,Casablanca-Anfa,19,13.603591348115902,8.420620072668388,Élevée,0.62,139669,11263.6,75,15.1,24.0,90.0,43.5,0.0,0.0,43.0,49.9,scored_subcategory,subcategory_weights_v2_bayes,38,39,1225,1251
retail,commerce de détail,furniture,magasin de meubles,casablanca_sidi_othmane,Sidi Othmane,Moulay Rachid,1,0.47193408024767103,0.6994735140668293,Faible,0.376,211894,33870.5,35,30.0,97.7,10.0,39.9,93.7,93.7,42.8,54.9,scored_subcategory,subcategory_weights_v2_bayes,38,39,1225,1251
retail,commerce de détail,furniture,magasin de meubles,casablanca_al_fida,Al Fida,Al Fida-Mers Sultan,0,0.0,0.5229939504028172,Faible,0.341,125933,33166.4,40,12.3,95.4,20.0,35.8,95.9,95.9,41.7,55.4,scored_subcategory,subcategory_weights_v2_bayes,38,39,1225,1251
retail,commerce de détail,furniture,magasin de meubles,casablanca_ben_msick,Ben M'Sick,Ben M'Sick,0,0.0,0.574682373579167,Faible,0.341,105612,33958.8,35,8.1,98.0,10.0,31.2,95.2,95.2,38.2,57.6,scored_subcategory,subcategory_weights_v2_bayes,38,39,1225,1251
retail,commerce de détail,furniture,magasin de meubles,casablanca_roches_noires,Roches Noires,Ain Sebaa-Hay Mohammadi,2,1.90885230255309,1.5537130616352566,Modérée,0.411,104775,14243.5,50,7.9,33.7,40.0,25.6,83.3,83.3,36.6,53.7,scored_subcategory,subcategory_weights_v2_bayes,38,39,1225,1251
retail,commerce de détail,furniture,magasin de meubles,casablanca_ain_sebaa,Ain Sebaa,Ain Sebaa-Hay Mohammadi,4,2.5669327720307007,2.0254295549992953,Modérée,0.48,155828,10014.0,45,18.5,19.9,30.0,22.9,77.6,77.6,34.5,54.1,scored_subcategory,subcategory_weights_v2_bayes,38,39,1225,1251
retail,commerce de détail,furniture,magasin de meubles,casablanca_hay_mohammadi,Hay Mohammadi,Ain Sebaa-Hay Mohammadi,0,0.0,0.5785655146909382,Faible,0.341,104232,25055.8,35,7.8,68.9,10.0,23.8,95.2,95.2,32.9,59.2,scored_subcategory,subcategory_weights_v2_bayes,38,39,1225,1251
retail,commerce de détail,furniture,magasin de meubles,casablanca_sidi_bernoussi,Sidi Bernoussi,Sidi Bernoussi,0,0.0,0.4635260306072112,Faible,0.341,154919,12279.6,40,18.3,27.3,20.0,21.1,96.6,96.6,30.6,58.6,scored_subcategory,subcategory_weights_v2_bayes,38,39,1225,1251
retail,commerce de détail,furniture,magasin de meubles,casablanca_sbata,Sbata,Ben M'Sick,1,0.9838646202282566,1.0819360850841089,Faible,0.376,101640,14183.6,40,7.3,33.5,20.0,18.3,89.1,89.1,29.8,58.5,scored_subcategory,subcategory_weights_v2_bayes,38,39,1225,1251
retail,commerce de détail,hardware,quincaillerie,casablanca_hay_hassani,Hay Hassani,Hay Hassani,12,2.2325207577919626,2.1310841020124442,Modérée,0.62,537509,13203.4,50,97.1,30.3,40.0,60.4,67.1,67.1,56.0,52.2,scored_subcategory,subcategory_weights_v2_bayes,51,53,1225,1251
retail,commerce de détail,hardware,quincaillerie,casablanca_ain_chock,Ain Chock,Ain Chock,5,1.3343759257232986,1.387351134046583,Faible,0.515,374707,9500.2,55,63.6,18.2,50.0,47.5,81.2,81.2,50.1,48.3,scored_subcategory,subcategory_weights_v2_bayes,51,53,1225,1251
retail,commerce de détail,hardware,quincaillerie,casablanca_sidi_belyout,Sidi Belyout,Casablanca-Anfa,7,5.061680188583742,3.603050411633743,Modérée,0.585,138294,13519.8,70,14.9,31.3,80.0,41.8,39.2,39.2,48.1,45.6,scored_subcategory,subcategory_weights_v2_bayes,51,53,1225,1251
retail,commerce de détail,hardware,quincaillerie,casablanca_anfa,Anfa,Casablanca-Anfa,1,1.5105283828283134,1.5558494770812095,Modérée,0.376,66202,3914.3,80,0.0,0.0,100.0,35.0,78.0,78.0,45.8,45.7,scored_subcategory,subcategory_weights_v2_bayes,51,53,1225,1251
retail,commerce de détail,hardware,quincaillerie,casablanca_sidi_moumen,Sidi Moumen,Sidi Bernoussi,1,0.18134240528939527,0.39694231849885747,Faible,0.376,551443,21402.0,30,100.0,57.0,0.0,54.2,100.0,100.0,44.9,53.5,scored_subcategory,subcategory_weights_v2_bayes,51,53,1225,1251
retail,commerce de détail,hardware,quincaillerie,casablanca_moulay_rachid,Moulay Rachid,Moulay Rachid,0,0.0,0.4594823963384352,Faible,0.341,245139,34585.1,35,36.9,100.0,10.0,43.3,98.8,98.8,43.9,54.9,scored_subcategory,subcategory_weights_v2_bayes,51,53,1225,1251
retail,commerce de détail,hardware,quincaillerie,casablanca_maarif,Maarif,Casablanca-Anfa,12,8.591741904073201,5.6685899919883305,Élevée,0.62,139669,11263.6,75,15.1,24.0,90.0,43.5,0.0,0.0,43.0,49.9,scored_subcategory,subcategory_weights_v2_bayes,51,53,1225,1251
retail,commerce de détail,hardware,quincaillerie,casablanca_sidi_othmane,Sidi Othmane,Moulay Rachid,0,0.0,0.5084589469173859,Faible,0.341,211894,33870.5,35,30.0,97.7,10.0,39.9,97.9,97.9,42.2,55.7,scored_subcategory,subcategory_weights_v2_bayes,51,53,1225,1251
retail,commerce de détail,hardware,quincaillerie,casablanca_mers_sultan,Mers Sultan,Al Fida-Mers Sultan,1,1.018962899560827,1.305070151710926,Faible,0.376,98139,26559.9,50,6.6,73.8,40.0,35.1,82.8,82.8,42.0,52.9,scored_subcategory,subcategory_weights_v2_bayes,51,53,1225,1251
retail,commerce de détail,hardware,quincaillerie,casablanca_al_fida,Al Fida,Al Fida-Mers Sultan,1,0.7940730388381124,1.1445220255113293,Faible,0.376,125933,33166.4,40,12.3,95.4,20.0,35.8,85.8,85.8,41.1,55.2,scored_subcategory,subcategory_weights_v2_bayes,51,53,1225,1251
retail,commerce de détail,hardware,quincaillerie,casablanca_ben_msick,Ben M'Sick,Ben M'Sick,0,0.0,0.7712842382246716,Faible,0.341,105612,33958.8,35,8.1,98.0,10.0,31.2,92.9,92.9,37.7,57.6,scored_subcategory,subcategory_weights_v2_bayes,51,53,1225,1251
retail,commerce de détail,hardware,quincaillerie,casablanca_roches_noires,Roches Noires,Ain Sebaa-Hay Mohammadi,5,4.772130756382725,3.2161411050658097,Modérée,0.515,104775,14243.5,50,7.9,33.7,40.0,25.6,46.5,46.5,33.2,54.4,scored_subcategory,subcategory_weights_v2_bayes,51,53,1225,1251
retail,commerce de détail,hardware,quincaillerie,casablanca_hay_mohammadi,Hay Mohammadi,Ain Sebaa-Hay Mohammadi,1,0.959398265407936,1.2661350561608915,Faible,0.376,104232,25055.8,35,7.8,68.9,10.0,23.8,83.5,83.5,31.9,59.0,scored_subcategory,subcategory_weights_v2_bayes,51,53,1225,1251
retail,commerce de détail,hardware,quincaillerie,casablanca_ain_sebaa,Ain Sebaa,Ain Sebaa-Hay Mohammadi,5,3.2086659650383758,2.574328434689914,Modérée,0.515,155828,10014.0,45,18.5,19.9,30.0,22.9,58.7,58.7,31.9,56.1,scored_subcategory,subcategory_weights_v2_bayes,51,53,1225,1251
retail,commerce de détail,hardware,quincaillerie,casablanca_sidi_bernoussi,Sidi Bernoussi,Sidi Bernoussi,0,0.0,0.6221007252886257,Faible,0.341,154919,12279.6,40,18.3,27.3,20.0,21.1,95.7,95.7,30.4,58.6,scored_subcategory,subcategory_weights_v2_bayes,51,53,1225,1251
retail,commerce de détail,hardware,quincaillerie,casablanca_sbata,Sbata,Ben M'Sick,0,0.0,0.7864773596005316,Faible,0.341,101640,14183.6,40,7.3,33.5,20.0,18.3,92.6,92.6,29.1,59.2,scored_subcategory,subcategory_weights_v2_bayes,51,53,1225,1251
retail,commerce de détail,sports,magasin de sport,casablanca_hay_hassani,Hay Hassani,Hay Hassani,11,2.0464773613092992,2.042510008435108,Modérée,0.62,537509,13203.4,50,97.1,30.3,40.0,60.4,77.5,77.5,58.3,40.5,scored_subcategory,subcategory_weights_v2_bayes,65,69,1225,1251
retail,commerce de détail,sports,magasin de sport,casablanca_maarif,Maarif,Casablanca-Anfa,7,5.011849444042701,3.7640183459999306,Modérée,0.585,139669,11263.6,75,15.1,24.0,90.0,43.5,50.4,50.4,52.5,37.6,scored_subcategory,subcategory_weights_v2_bayes,65,69,1225,1251
retail,commerce de détail,sports,magasin de sport,casablanca_sidi_belyout,Sidi Belyout,Casablanca-Anfa,3,2.169291509393032,2.1071387150639858,Modérée,0.446,138294,13519.8,70,14.9,31.3,80.0,41.8,76.5,76.5,50.2,43.5,scored_subcategory,subcategory_weights_v2_bayes,65,69,1225,1251
retail,commerce de détail,sports,magasin de sport,casablanca_sidi_moumen,Sidi Moumen,Sidi Bernoussi,2,0.36268481057879054,0.6172735188918408,Faible,0.411,551443,21402.0,30,100.0,57.0,0.0,54.2,100.0,100.0,46.4,51.5,scored_subcategory,subcategory_weights_v2_bayes,65,69,1225,1251
retail,commerce de détail,sports,magasin de sport,casablanca_anfa,Anfa,Casablanca-Anfa,3,4.5315851484849405,3.0211339993950577,Modérée,0.446,66202,3914.3,80,0.0,0.0,100.0,35.0,62.1,62.1,45.4,42.6,scored_subcategory,subcategory_weights_v2_bayes,65,69,1225,1251
retail,commerce de détail,sports,magasin de sport,casablanca_moulay_rachid,Moulay Rachid,Moulay Rachid,1,0.40793182643316656,0.8753531561702891,Faible,0.376,245139,34585.1,35,36.9,100.0,10.0,43.3,95.9,95.9,44.8,53.8,scored_subcategory,subcategory_weights_v2_bayes,65,69,1225,1251
retail,commerce de détail,sports,magasin de sport,casablanca_mers_sultan,Mers Sultan,Al Fida-Mers Sultan,1,1.018962899560827,1.5247806487741302,Faible,0.376,98139,26559.9,50,6.6,73.8,40.0,35.1,85.7,85.7,42.6,52.0,scored_subcategory,subcategory_weights_v2_bayes,65,69,1225,1251
retail,commerce de détail,sports,magasin de sport,casablanca_sidi_othmane,Sidi Othmane,Moulay Rachid,0,0.0,0.6480359127378449,Faible,0.341,211894,33870.5,35,30.0,97.7,10.0,39.9,99.5,99.5,42.6,55.7,scored_subcategory,subcategory_weights_v2_bayes,65,69,1225,1251
retail,commerce de détail,sports,magasin de sport,casablanca_al_fida,Al Fida,Al Fida-Mers Sultan,1,0.7940730388381124,1.337204007238683,Faible,0.376,125933,33166.4,40,12.3,95.4,20.0,35.8,88.6,88.6,41.7,54.3,scored_subcategory,subcategory_weights_v2_bayes,65,69,1225,1251
retail,commerce de détail,sports,magasin de sport,casablanca_ben_msick,Ben M'Sick,Ben M'Sick,0,0.0,0.9830093232275227,Faible,0.341,105612,33958.8,35,8.1,98.0,10.0,31.2,94.2,94.2,38.0,57.6,scored_subcategory,subcategory_weights_v2_bayes,65,69,1225,1251
retail,commerce de détail,sports,magasin de sport,casablanca_ain_chock,Ain Chock,Ain Chock,31,8.27313073948445,6.956119275610971,Élevée,0.62,374707,9500.2,55,63.6,18.2,50.0,47.5,0.0,0.0,36.9,53.8,scored_subcategory,subcategory_weights_v2_bayes,65,69,1225,1251
retail,commerce de détail,sports,magasin de sport,casablanca_roches_noires,Roches Noires,Ain Sebaa-Hay Mohammadi,0,0.0,0.9870272883284452,Faible,0.341,104775,14243.5,50,7.9,33.7,40.0,25.6,94.2,94.2,35.9,55.2,scored_subcategory,subcategory_weights_v2_bayes,65,69,1225,1251
retail,commerce de détail,sports,magasin de sport,casablanca_ain_sebaa,Ain Sebaa,Ain Sebaa-Hay Mohammadi,2,1.2834663860153503,1.57183151557866,Faible,0.411,155828,10014.0,45,18.5,19.9,30.0,22.9,84.9,84.9,33.0,54.8,scored_subcategory,subcategory_weights_v2_bayes,65,69,1225,1251
retail,commerce de détail,sports,magasin de sport,casablanca_hay_mohammadi,Hay Mohammadi,Ain Sebaa-Hay Mohammadi,1,0.959398265407936,1.479290772099658,Faible,0.376,104232,25055.8,35,7.8,68.9,10.0,23.8,86.4,86.4,32.5,58.1,scored_subcategory,subcategory_weights_v2_bayes,65,69,1225,1251
retail,commerce de détail,sports,magasin de sport,casablanca_sidi_bernoussi,Sidi Bernoussi,Sidi Bernoussi,1,0.6454986154054699,1.185154943207283,Faible,0.376,154919,12279.6,40,18.3,27.3,20.0,21.1,91.0,91.0,30.9,57.5,scored_subcategory,subcategory_weights_v2_bayes,65,69,1225,1251
retail,commerce de détail,sports,magasin de sport,casablanca_sbata,Sbata,Ben M'Sick,1,0.9838646202282566,1.4983064519314488,Faible,0.376,101640,14183.6,40,7.3,33.5,20.0,18.3,86.1,86.1,29.2,58.1,scored_subcategory,subcategory_weights_v2_bayes,65,69,1225,1251
retail,commerce de détail,supermarket,supermarché,casablanca_hay_hassani,Hay Hassani,Hay Hassani,21,3.9069113261359343,4.464695777138103,Modérée,0.62,537509,13203.4,50,97.1,30.3,40.0,60.4,92.2,92.2,67.5,39.7,scored_subcategory,subcategory_weights_v2_bayes,240,243,1225,1251
retail,commerce de détail,supermarket,supermarché,casablanca_sidi_moumen,Sidi Moumen,Sidi Bernoussi,7,1.2693968370257669,2.220123234400454,Faible,0.585,551443,21402.0,30,100.0,57.0,0.0,54.2,100.0,100.0,67.3,43.7,scored_subcategory,subcategory_weights_v2_bayes,240,243,1225,1251
retail,commerce de détail,supermarket,supermarché,casablanca_moulay_rachid,Moulay Rachid,Moulay Rachid,6,2.447590958598999,3.90070012426163,Faible,0.55,245139,34585.1,35,36.9,100.0,10.0,43.3,94.1,94.1,58.1,46.3,scored_subcategory,subcategory_weights_v2_bayes,240,243,1225,1251
retail,commerce de détail,supermarket,supermarché,casablanca_ain_chock,Ain Chock,Ain Chock,13,3.469377406880576,4.3106247436577405,Faible,0.62,374707,9500.2,55,63.6,18.2,50.0,47.5,92.7,92.7,57.4,39.1,scored_subcategory,subcategory_weights_v2_bayes,240,243,1225,1251
retail,commerce de détail,supermarket,supermarché,casablanca_sidi_othmane,Sidi Othmane,Moulay Rachid,5,2.359670401238355,3.995856733978642,Faible,0.515,211894,33870.5,35,30.0,97.7,10.0,39.9,93.8,93.8,54.1,48.4,scored_subcategory,subcategory_weights_v2_bayes,240,243,1225,1251
retail,commerce de détail,supermarket,supermarché,casablanca_mers_sultan,Mers Sultan,Al Fida-Mers Sultan,6,6.113777397364962,6.7946428526818785,Modérée,0.55,98139,26559.9,50,6.6,73.8,40.0,35.1,84.0,84.0,47.0,44.5,scored_subcategory,subcategory_weights_v2_bayes,240,243,1225,1251
retail,commerce de détail,supermarket,supermarché,casablanca_al_fida,Al Fida,Al Fida-Mers Sultan,2,1.5881460776762248,4.188337870906573,Faible,0.411,125933,33166.4,40,12.3,95.4,20.0,35.8,93.1,93.1,45.9,52.3,scored_subcategory,subcategory_weights_v2_bayes,240,243,1225,1251
retail,commerce de détail,supermarket,supermarché,casablanca_ben_msick,Ben M'Sick,Ben M'Sick,1,0.9468620990039012,4.115925822362191,Faible,0.376,105612,33958.8,35,8.1,98.0,10.0,31.2,93.4,93.4,42.1,55.9,scored_subcategory,subcategory_weights_v2_bayes,240,243,1225,1251
retail,commerce de détail,supermarket,supermarché,casablanca_roches_noires,Roches Noires,Ain Sebaa-Hay Mohammadi,9,8.589835361488905,8.039476206507311,Modérée,0.62,104775,14243.5,50,7.9,33.7,40.0,25.6,79.7,79.7,40.6,44.0,scored_subcategory,subcategory_weights_v2_bayes,240,243,1225,1251
retail,commerce de détail,supermarket,supermarché,casablanca_ain_sebaa,Ain Sebaa,Ain Sebaa-Hay Mohammadi,14,8.984264702107453,8.389557594116106,Modérée,0.62,155828,10014.0,45,18.5,19.9,30.0,22.9,78.4,78.4,38.4,47.2,scored_subcategory,subcategory_weights_v2_bayes,240,243,1225,1251
retail,commerce de détail,supermarket,supermarché,casablanca_sidi_bernoussi,Sidi Bernoussi,Sidi Bernoussi,6,3.8729916924328203,5.281221643688916,Modérée,0.55,154919,12279.6,40,18.3,27.3,20.0,21.1,89.3,89.3,37.6,49.9,scored_subcategory,subcategory_weights_v2_bayes,240,243,1225,1251
retail,commerce de détail,supermarket,supermarché,casablanca_anfa,Anfa,Casablanca-Anfa,15,22.657925742424702,13.515383329848826,Élevée,0.62,66202,3914.3,80,0.0,0.0,100.0,35.0,60.5,60.5,37.5,36.4,scored_subcategory,subcategory_weights_v2_bayes,240,243,1225,1251
retail,commerce de détail,supermarket,supermarché,casablanca_hay_mohammadi,Hay Mohammadi,Ain Sebaa-Hay Mohammadi,1,0.959398265407936,4.143737221334241,Faible,0.376,104232,25055.8,35,7.8,68.9,10.0,23.8,93.3,93.3,35.6,57.5,scored_subcategory,subcategory_weights_v2_bayes,240,243,1225,1251
retail,commerce de détail,supermarket,supermarché,casablanca_maarif,Maarif,Casablanca-Anfa,66,47.25458047240261,30.651789510481265,Élevée,0.62,139669,11263.6,75,15.1,24.0,90.0,43.5,0.6,0.6,32.0,49.9,scored_subcategory,subcategory_weights_v2_bayes,240,243,1225,1251
retail,commerce de détail,supermarket,supermarché,casablanca_sidi_belyout,Sidi Belyout,Casablanca-Anfa,66,47.72441320664671,30.828655946803256,Élevée,0.62,138294,13519.8,70,14.9,31.3,80.0,41.8,0.0,0.0,31.7,51.4,scored_subcategory,subcategory_weights_v2_bayes,240,243,1225,1251
retail,commerce de détail,supermarket,supermarché,casablanca_sbata,Sbata,Ben M'Sick,2,1.9677292404565132,4.692936620648357,Faible,0.411,101640,14183.6,40,7.3,33.5,20.0,18.3,91.4,91.4,30.5,56.1,scored_subcategory,subcategory_weights_v2_bayes,240,243,1225,1251
wellness,bien-être & beauté,beauty,institut de beauté,casablanca_sidi_belyout,Sidi Belyout,Casablanca-Anfa,6,4.338583018786064,2.831075788810266,Élevée,0.532,138294,13519.8,70,14.9,31.3,80.0,41.8,44.2,44.2,51.5,47.5,scored_subcategory,subcategory_weights_v2_bayes,24,24,195,198
wellness,bien-être & beauté,beauty,institut de beauté,casablanca_maarif,Maarif,Casablanca-Anfa,11,7.875763412067101,4.9010442486043395,Élevée,0.6,139669,11263.6,75,15.1,24.0,90.0,43.5,0.0,0.0,50.9,50.8,scored_subcategory,subcategory_weights_v2_bayes,24,24,195,198
wellness,bien-être & beauté,beauty,institut de beauté,casablanca_anfa,Anfa,Casablanca-Anfa,2,3.0210567656566267,1.6523770713875492,Modérée,0.398,66202,3914.3,80,0.0,0.0,100.0,35.0,69.3,69.3,48.9,46.5,scored_subcategory,subcategory_weights_v2_bayes,24,24,195,198
wellness,bien-être & beauté,beauty,institut de beauté,casablanca_hay_hassani,Hay Hassani,Hay Hassani,1,0.18604339648266355,0.2739229940577364,Faible,0.364,537509,13203.4,50,97.1,30.3,40.0,60.4,98.8,98.8,44.7,48.1,scored_subcategory,subcategory_weights_v2_bayes,24,24,195,198
wellness,bien-être & beauté,beauty,institut de beauté,casablanca_ain_chock,Ain Chock,Ain Chock,1,0.2668751851446597,0.3678655971341343,Faible,0.364,374707,9500.2,55,63.6,18.2,50.0,47.5,96.8,96.8,42.0,49.7,scored_subcategory,subcategory_weights_v2_bayes,24,24,195,198
wellness,bien-être & beauté,beauty,institut de beauté,casablanca_mers_sultan,Mers Sultan,Al Fida-Mers Sultan,0,0.0,0.3766465663940642,Faible,0.33,98139,26559.9,50,6.6,73.8,40.0,35.1,96.6,96.6,41.7,53.6,scored_subcategory,subcategory_weights_v2_bayes,24,24,195,198
wellness,bien-être & beauté,beauty,institut de beauté,casablanca_moulay_rachid,Moulay Rachid,Moulay Rachid,0,0.0,0.2162270100416165,Faible,0.33,245139,34585.1,35,36.9,100.0,10.0,43.3,100.0,100.0,38.9,55.4,scored_subcategory,subcategory_weights_v2_bayes,24,24,195,198
wellness,bien-être & beauté,beauty,institut de beauté,casablanca_al_fida,Al Fida,Al Fida-Mers Sultan,0,0.0,0.3303119686754635,Faible,0.33,125933,33166.4,40,12.3,95.4,20.0,35.8,97.6,97.6,38.8,55.9,scored_subcategory,subcategory_weights_v2_bayes,24,24,195,198
wellness,bien-être & beauté,beauty,institut de beauté,casablanca_sidi_othmane,Sidi Othmane,Moulay Rachid,0,0.0,0.23927479854935807,Faible,0.33,211894,33870.5,35,30.0,97.7,10.0,39.9,99.5,99.5,37.5,56.2,scored_subcategory,subcategory_weights_v2_bayes,24,24,195,198
wellness,bien-être & beauté,beauty,institut de beauté,casablanca_ben_msick,Ben M'Sick,Ben M'Sick,0,0.0,0.362957288576316,Faible,0.33,105612,33958.8,35,8.1,98.0,10.0,31.2,96.9,96.9,34.6,58.1,scored_subcategory,subcategory_weights_v2_bayes,24,24,195,198
wellness,bien-être & beauté,beauty,institut de beauté,casablanca_sidi_moumen,Sidi Moumen,Sidi Bernoussi,1,0.18134240528939527,0.26806393501619247,Faible,0.364,551443,21402.0,30,100.0,57.0,0.0,54.2,98.9,98.9,34.2,54.2,scored_subcategory,subcategory_weights_v2_bayes,24,24,195,198
wellness,bien-être & beauté,beauty,institut de beauté,casablanca_roches_noires,Roches Noires,Ain Sebaa-Hay Mohammadi,0,0.0,0.36444084492127204,Faible,0.33,104775,14243.5,50,7.9,33.7,40.0,25.6,96.8,96.8,33.0,55.7,scored_subcategory,subcategory_weights_v2_bayes,24,24,195,198
wellness,bien-être & beauté,beauty,institut de beauté,casablanca_hay_mohammadi,Hay Mohammadi,Ain Sebaa-Hay Mohammadi,0,0.0,0.36540979875217144,Faible,0.33,104232,25055.8,35,7.8,68.9,10.0,23.8,96.8,96.8,28.1,59.7,scored_subcategory,subcategory_weights_v2_bayes,24,24,195,198
wellness,bien-être & beauté,beauty,institut de beauté,casablanca_ain_sebaa,Ain Sebaa,Ain Sebaa-Hay Mohammadi,2,1.2834663860153503,1.0734883359864968,Modérée,0.398,155828,10014.0,45,18.5,19.9,30.0,22.9,81.7,81.7,27.9,57.5,scored_subcategory,subcategory_weights_v2_bayes,24,24,195,198
wellness,bien-être & beauté,beauty,institut de beauté,casablanca_sidi_bernoussi,Sidi Bernoussi,Sidi Bernoussi,0,0.0,0.292753282488765,Faible,0.33,154919,12279.6,40,18.3,27.3,20.0,21.1,98.4,98.4,24.7,59.1,scored_subcategory,subcategory_weights_v2_bayes,24,24,195,198
wellness,bien-être & beauté,beauty,institut de beauté,casablanca_sbata,Sbata,Ben M'Sick,0,0.0,0.37010699275319126,Faible,0.33,101640,14183.6,40,7.3,33.5,20.0,18.3,96.7,96.7,24.5,59.7,scored_subcategory,subcategory_weights_v2_bayes,24,24,195,198
wellness,bien-être & beauté,fitness,salle de sport,casablanca_sidi_belyout,Sidi Belyout,Casablanca-Anfa,10,7.230971697976774,5.136029954830002,Modérée,0.6,138294,13519.8,70,14.9,31.3,80.0,41.8,45.7,45.7,53.6,45.0,scored_subcategory,subcategory_weights_v2_bayes,72,74,195,198
wellness,bien-être & beauté,fitness,salle de sport,casablanca_hay_hassani,Hay Hassani,Hay Hassani,15,2.7906509472399534,2.704095349330379,Modérée,0.6,537509,13203.4,50,97.1,30.3,40.0,60.4,73.3,73.3,52.4,51.0,scored_subcategory,subcategory_weights_v2_bayes,72,74,195,198
wellness,bien-être & beauté,fitness,salle de sport,casablanca_maarif,Maarif,Casablanca-Anfa,17,12.171634364103703,8.027258936517699,Élevée,0.6,139669,11263.6,75,15.1,24.0,90.0,43.5,12.9,12.9,50.6,50.8,scored_subcategory,subcategory_weights_v2_bayes,72,74,195,198
wellness,bien-être & beauté,fitness,salle de sport,casablanca_ain_chock,Ain Chock,Ain Chock,5,1.3343759257232986,1.524909306280001,Faible,0.499,374707,9500.2,55,63.6,18.2,50.0,47.5,86.6,86.6,47.1,46.9,scored_subcategory,subcategory_weights_v2_bayes,72,74,195,198
wellness,bien-être & beauté,fitness,salle de sport,casablanca_anfa,Anfa,Casablanca-Anfa,13,19.636868976768074,9.168873551799981,Élevée,0.6,66202,3914.3,80,0.0,0.0,100.0,35.0,0.0,0.0,45.2,47.3,scored_subcategory,subcategory_weights_v2_bayes,72,74,195,198
wellness,bien-être & beauté,fitness,salle de sport,casablanca_sidi_othmane,Sidi Othmane,Moulay Rachid,4,1.8877363209906841,2.000311394436124,Faible,0.465,211894,33870.5,35,30.0,97.7,10.0,39.9,81.2,81.2,43.0,53.9,scored_subcategory,subcategory_weights_v2_bayes,72,74,195,198
wellness,bien-être & beauté,fitness,salle de sport,casablanca_mers_sultan,Mers Sultan,Al Fida-Mers Sultan,0,0.0,1.1299396991821926,Faible,0.33,98139,26559.9,50,6.6,73.8,40.0,35.1,91.1,91.1,41.8,53.6,scored_subcategory,subcategory_weights_v2_bayes,72,74,195,198
wellness,bien-être & beauté,fitness,salle de sport,casablanca_moulay_rachid,Moulay Rachid,Moulay Rachid,1,0.40793182643316656,0.938419367432427,Faible,0.364,245139,34585.1,35,36.9,100.0,10.0,43.3,93.3,93.3,41.6,54.9,scored_subcategory,subcategory_weights_v2_bayes,72,74,195,198
wellness,bien-être & beauté,fitness,salle de sport,casablanca_al_fida,Al Fida,Al Fida-Mers Sultan,1,0.7940730388381124,1.4335449981023598,Faible,0.364,125933,33166.4,40,12.3,95.4,20.0,35.8,87.7,87.7,40.6,55.3,scored_subcategory,subcategory_weights_v2_bayes,72,74,195,198
wellness,bien-être & beauté,fitness,salle de sport,casablanca_ben_msick,Ben M'Sick,Ben M'Sick,0,0.0,1.088871865728948,Faible,0.33,105612,33958.8,35,8.1,98.0,10.0,31.2,91.6,91.6,35.9,58.1,scored_subcategory,subcategory_weights_v2_bayes,72,74,195,198
wellness,bien-être & beauté,fitness,salle de sport,casablanca_sidi_moumen,Sidi Moumen,Sidi Bernoussi,0,0.0,0.3436756892871064,Faible,0.33,551443,21402.0,30,100.0,57.0,0.0,54.2,100.0,100.0,35.5,54.2,scored_subcategory,subcategory_weights_v2_bayes,72,74,195,198
wellness,bien-être & beauté,fitness,salle de sport,casablanca_roches_noires,Roches Noires,Ain Sebaa-Hay Mohammadi,0,0.0,1.0933225347638162,Faible,0.33,104775,14243.5,50,7.9,33.7,40.0,25.6,91.5,91.5,33.2,55.7,scored_subcategory,subcategory_weights_v2_bayes,72,74,195,198
wellness,bien-être & beauté,fitness,salle de sport,casablanca_hay_mohammadi,Hay Mohammadi,Ain Sebaa-Hay Mohammadi,2,1.918796530815872,2.0755078638815685,Faible,0.398,104232,25055.8,35,7.8,68.9,10.0,23.8,80.4,80.4,30.8,58.6,scored_subcategory,subcategory_weights_v2_bayes,72,74,195,198
wellness,bien-être & beauté,fitness,salle de sport,casablanca_sidi_bernoussi,Sidi Bernoussi,Sidi Bernoussi,3,1.9364958462164101,2.055104256866928,Faible,0.431,154919,12279.6,40,18.3,27.3,20.0,21.1,80.6,80.6,28.2,57.4,scored_subcategory,subcategory_weights_v2_bayes,72,74,195,198
wellness,bien-être & beauté,fitness,salle de sport,casablanca_ain_sebaa,Ain Sebaa,Ain Sebaa-Hay Mohammadi,0,0.0,0.8751392422106276,Faible,0.33,155828,10014.0,45,18.5,19.9,30.0,22.9,94.0,94.0,28.0,57.5,scored_subcategory,subcategory_weights_v2_bayes,72,74,195,198
wellness,bien-être & beauté,fitness,salle de sport,casablanca_sbata,Sbata,Ben M'Sick,1,0.9838646202282566,1.6062543248177965,Faible,0.364,101640,14183.6,40,7.3,33.5,20.0,18.3,85.7,85.7,26.1,59.2,scored_subcategory,subcategory_weights_v2_bayes,72,74,195,198
wellness,bien-être & beauté,hairdresser,salon de coiffure,casablanca_hay_hassani,Hay Hassani,Hay Hassani,3,0.5581301894479906,0.7095841213561248,Faible,0.431,537509,13203.4,50,97.1,30.3,40.0,60.4,94.6,94.6,52.1,45.9,scored_subcategory,subcategory_weights_v2_bayes,49,49,195,198
wellness,bien-être & beauté,hairdresser,salon de coiffure,casablanca_moulay_rachid,Moulay Rachid,Moulay Rachid,0,0.0,0.4414634788349671,Faible,0.33,245139,34585.1,35,36.9,100.0,10.0,43.3,97.6,97.6,49.1,55.4,scored_subcategory,subcategory_weights_v2_bayes,49,49,195,198
wellness,bien-être & beauté,hairdresser,salon de coiffure,casablanca_sidi_othmane,Sidi Othmane,Moulay Rachid,0,0.0,0.48851938037160614,Faible,0.33,211894,33870.5,35,30.0,97.7,10.0,39.9,97.1,97.1,47.1,56.2,scored_subcategory,subcategory_weights_v2_bayes,49,49,195,198
wellness,bien-être & beauté,hairdresser,salon de coiffure,casablanca_sidi_moumen,Sidi Moumen,Sidi Bernoussi,0,0.0,0.2338903996537252,Faible,0.33,551443,21402.0,30,100.0,57.0,0.0,54.2,100.0,100.0,46.3,54.2,scored_subcategory,subcategory_weights_v2_bayes,49,49,195,198
wellness,bien-être & beauté,hairdresser,salon de coiffure,casablanca_al_fida,Al Fida,Al Fida-Mers Sultan,1,0.7940730388381124,1.1169960281217075,Faible,0.364,125933,33166.4,40,12.3,95.4,20.0,35.8,89.9,89.9,46.1,55.2,scored_subcategory,subcategory_weights_v2_bayes,49,49,195,198
wellness,bien-être & beauté,hairdresser,salon de coiffure,casablanca_mers_sultan,Mers Sultan,Al Fida-Mers Sultan,1,1.018962899560827,1.273682937844754,Faible,0.364,98139,26559.9,50,6.6,73.8,40.0,35.1,88.1,88.1,43.9,52.9,scored_subcategory,subcategory_weights_v2_bayes,49,49,195,198
wellness,bien-être & beauté,hairdresser,salon de coiffure,casablanca_ain_chock,Ain Chock,Ain Chock,2,0.5337503702893194,0.7422815834222409,Faible,0.398,374707,9500.2,55,63.6,18.2,50.0,47.5,94.2,94.2,43.7,48.2,scored_subcategory,subcategory_weights_v2_bayes,49,49,195,198
wellness,bien-être & beauté,hairdresser,salon de coiffure,casablanca_ben_msick,Ben M'Sick,Ben M'Sick,0,0.0,0.7410377975099786,Faible,0.33,105612,33958.8,35,8.1,98.0,10.0,31.2,94.2,94.2,42.8,58.1,scored_subcategory,subcategory_weights_v2_bayes,49,49,195,198
wellness,bien-être & beauté,hairdresser,salon de coiffure,casablanca_sidi_belyout,Sidi Belyout,Casablanca-Anfa,17,12.292651886560517,7.773449031958932,Élevée,0.6,138294,13519.8,70,14.9,31.3,80.0,41.8,13.8,13.8,40.7,49.7,scored_subcategory,subcategory_weights_v2_bayes,49,49,195,198
wellness,bien-être & beauté,hairdresser,salon de coiffure,casablanca_maarif,Maarif,Casablanca-Anfa,20,14.319569840122004,8.980578479576506,Élevée,0.6,139669,11263.6,75,15.1,24.0,90.0,43.5,0.0,0.0,38.8,50.8,scored_subcategory,subcategory_weights_v2_bayes,49,49,195,198
wellness,bien-être & beauté,hairdresser,salon de coiffure,casablanca_anfa,Anfa,Casablanca-Anfa,1,1.5105283828283134,1.5184309672664693,Modérée,0.364,66202,3914.3,80,0.0,0.0,100.0,35.0,85.3,85.3,37.1,45.7,scored_subcategory,subcategory_weights_v2_bayes,49,49,195,198
wellness,bien-être & beauté,hairdresser,salon de coiffure,casablanca_hay_mohammadi,Hay Mohammadi,Ain Sebaa-Hay Mohammadi,0,0.0,0.7460450057856836,Faible,0.33,104232,25055.8,35,7.8,68.9,10.0,23.8,94.1,94.1,34.5,59.7,scored_subcategory,subcategory_weights_v2_bayes,49,49,195,198
wellness,bien-être & beauté,hairdresser,salon de coiffure,casablanca_roches_noires,Roches Noires,Ain Sebaa-Hay Mohammadi,2,1.90885230255309,1.72074844889084,Modérée,0.398,104775,14243.5,50,7.9,33.7,40.0,25.6,83.0,83.0,33.4,54.3,scored_subcategory,subcategory_weights_v2_bayes,49,49,195,198
wellness,bien-être & beauté,hairdresser,salon de coiffure,casablanca_ain_sebaa,Ain Sebaa,Ain Sebaa-Hay Mohammadi,2,1.2834663860153503,1.3773561284207425,Faible,0.398,155828,10014.0,45,18.5,19.9,30.0,22.9,86.9,86.9,29.6,56.1,scored_subcategory,subcategory_weights_v2_bayes,49,49,195,198
wellness,bien-être & beauté,hairdresser,salon de coiffure,casablanca_sidi_bernoussi,Sidi Bernoussi,Sidi Bernoussi,0,0.0,0.5977046184145619,Faible,0.33,154919,12279.6,40,18.3,27.3,20.0,21.1,95.8,95.8,27.7,59.1,scored_subcategory,subcategory_weights_v2_bayes,49,49,195,198
wellness,bien-être & beauté,hairdresser,salon de coiffure,casablanca_sbata,Sbata,Ben M'Sick,0,0.0,0.7556351102044322,Faible,0.33,101640,14183.6,40,7.3,33.5,20.0,18.3,94.0,94.0,27.1,59.7,scored_subcategory,subcategory_weights_v2_bayes,49,49,195,198
wellness,bien-être & beauté,optician,opticien,casablanca_hay_hassani,Hay Hassani,Hay Hassani,7,1.3023037753786448,1.2882502172996373,Modérée,0.566,537509,13203.4,50,97.1,30.3,40.0,60.4,84.2,84.2,53.9,44.6,scored_subcategory,subcategory_weights_v2_bayes,39,40,195,198
wellness,bien-être & beauté,optician,opticien,casablanca_anfa,Anfa,Casablanca-Anfa,0,0.0,0.7296609413874346,Faible,0.33,66202,3914.3,80,0.0,0.0,100.0,35.0,92.2,92.2,51.1,46.5,scored_subcategory,subcategory_weights_v2_bayes,39,40,195,198
wellness,bien-être & beauté,optician,opticien,casablanca_maarif,Maarif,Casablanca-Anfa,16,11.455655872097603,7.181867941955257,Élevée,0.6,139669,11263.6,75,15.1,24.0,90.0,43.5,0.0,0.0,50.2,50.8,scored_subcategory,subcategory_weights_v2_bayes,39,40,195,198
wellness,bien-être & beauté,optician,opticien,casablanca_sidi_belyout,Sidi Belyout,Casablanca-Anfa,13,9.400263207369807,5.964359605279505,Élevée,0.6,138294,13519.8,70,14.9,31.3,80.0,41.8,17.4,17.4,50.1,49.0,scored_subcategory,subcategory_weights_v2_bayes,39,40,195,198
wellness,bien-être & beauté,optician,opticien,casablanca_ain_chock,Ain Chock,Ain Chock,2,0.5337503702893194,0.6767776918825179,Faible,0.398,374707,9500.2,55,63.6,18.2,50.0,47.5,93.0,93.0,45.3,48.7,scored_subcategory,subcategory_weights_v2_bayes,39,40,195,198
wellness,bien-être & beauté,optician,opticien,casablanca_mers_sultan,Mers Sultan,Al Fida-Mers Sultan,0,0.0,0.6120506703903543,Faible,0.33,98139,26559.9,50,6.6,73.8,40.0,35.1,93.9,93.9,40.3,53.6,scored_subcategory,subcategory_weights_v2_bayes,39,40,195,198
wellness,bien-être & beauté,optician,opticien,casablanca_moulay_rachid,Moulay Rachid,Moulay Rachid,1,0.40793182643316656,0.6411072286252044,Faible,0.364,245139,34585.1,35,36.9,100.0,10.0,43.3,93.5,93.5,38.1,54.9,scored_subcategory,subcategory_weights_v2_bayes,39,40,195,198
wellness,bien-être & beauté,optician,opticien,casablanca_al_fida,Al Fida,Al Fida-Mers Sultan,0,0.0,0.5367569490976281,Faible,0.33,125933,33166.4,40,12.3,95.4,20.0,35.8,95.0,95.0,36.8,55.9,scored_subcategory,subcategory_weights_v2_bayes,39,40,195,198
wellness,bien-être & beauté,optician,opticien,casablanca_sidi_othmane,Sidi Othmane,Moulay Rachid,0,0.0,0.3888215476427068,Faible,0.33,211894,33870.5,35,30.0,97.7,10.0,39.9,97.1,97.1,35.8,56.2,scored_subcategory,subcategory_weights_v2_bayes,39,40,195,198
wellness,bien-être & beauté,optician,opticien,casablanca_sidi_moumen,Sidi Moumen,Sidi Bernoussi,0,0.0,0.18615766503051595,Faible,0.33,551443,21402.0,30,100.0,57.0,0.0,54.2,100.0,100.0,34.6,54.2,scored_subcategory,subcategory_weights_v2_bayes,39,40,195,198
wellness,bien-être & beauté,optician,opticien,casablanca_roches_noires,Roches Noires,Ain Sebaa-Hay Mohammadi,0,0.0,0.5922163729970671,Faible,0.33,104775,14243.5,50,7.9,33.7,40.0,25.6,94.2,94.2,33.3,55.7,scored_subcategory,subcategory_weights_v2_bayes,39,40,195,198
wellness,bien-être & beauté,optician,opticien,casablanca_ben_msick,Ben M'Sick,Ben M'Sick,0,0.0,0.5898055939365134,Faible,0.33,105612,33958.8,35,8.1,98.0,10.0,31.2,94.2,94.2,32.3,58.1,scored_subcategory,subcategory_weights_v2_bayes,39,40,195,198
wellness,bien-être & beauté,optician,opticien,casablanca_ain_sebaa,Ain Sebaa,Ain Sebaa-Hay Mohammadi,0,0.0,0.47403375619742333,Faible,0.33,155828,10014.0,45,18.5,19.9,30.0,22.9,95.9,95.9,28.4,57.5,scored_subcategory,subcategory_weights_v2_bayes,39,40,195,198
wellness,bien-être & beauté,optician,opticien,casablanca_hay_mohammadi,Hay Mohammadi,Ain Sebaa-Hay Mohammadi,0,0.0,0.5937909229722786,Faible,0.33,104232,25055.8,35,7.8,68.9,10.0,23.8,94.2,94.2,27.1,59.7,scored_subcategory,subcategory_weights_v2_bayes,39,40,195,198
wellness,bien-être & beauté,optician,opticien,casablanca_sidi_bernoussi,Sidi Bernoussi,Sidi Bernoussi,0,0.0,0.47572408404424316,Faible,0.33,154919,12279.6,40,18.3,27.3,20.0,21.1,95.9,95.9,25.5,59.1,scored_subcategory,subcategory_weights_v2_bayes,39,40,195,198
wellness,bien-être & beauté,optician,opticien,casablanca_sbata,Sbata,Ben M'Sick,0,0.0,0.6014238632239357,Faible,0.33,101640,14183.6,40,7.3,33.5,20.0,18.3,94.1,94.1,24.8,59.7,scored_subcategory,subcategory_weights_v2_bayes,39,40,195,198
wellness,bien-être & beauté,spa,spa ou hammam,casablanca_maarif,Maarif,Casablanca-Anfa,1,0.7159784920061002,0.5599584069081192,Modérée,0.364,139669,11263.6,75,15.1,24.0,90.0,43.5,83.2,83.2,56.9,46.7,scored_subcategory,subcategory_weights_v2_bayes,11,11,195,198
wellness,bien-être & beauté,spa,spa ou hammam,casablanca_anfa,Anfa,Casablanca-Anfa,0,0.0,0.20580180398107134,Faible,0.33,66202,3914.3,80,0.0,0.0,100.0,35.0,94.9,94.9,56.2,46.5,scored_subcategory,subcategory_weights_v2_bayes,11,11,195,198
wellness,bien-être & beauté,spa,spa ou hammam,casablanca_sidi_belyout,Sidi Belyout,Casablanca-Anfa,7,5.061680188583742,3.081087528117628,Élevée,0.566,138294,13519.8,70,14.9,31.3,80.0,41.8,0.0,0.0,50.9,54.0,scored_subcategory,subcategory_weights_v2_bayes,11,11,195,198
wellness,bien-être & beauté,spa,spa ou hammam,casablanca_mers_sultan,Mers Sultan,Al Fida-Mers Sultan,0,0.0,0.17262967626394612,Faible,0.33,98139,26559.9,50,6.6,73.8,40.0,35.1,96.0,96.0,41.4,53.6,scored_subcategory,subcategory_weights_v2_bayes,11,11,195,198
wellness,bien-être & beauté,spa,spa ou hammam,casablanca_hay_hassani,Hay Hassani,Hay Hassani,0,0.0,0.05365362908643175,Faible,0.33,537509,13203.4,50,97.1,30.3,40.0,60.4,100.0,100.0,41.4,48.1,scored_subcategory,subcategory_weights_v2_bayes,11,11,195,198
wellness,bien-être & beauté,spa,spa ou hammam,casablanca_ain_chock,Ain Chock,Ain Chock,0,0.0,0.07205428069369531,Faible,0.33,374707,9500.2,55,63.6,18.2,50.0,47.5,99.4,99.4,41.2,49.7,scored_subcategory,subcategory_weights_v2_bayes,11,11,195,198
wellness,bien-être & beauté,spa,spa ou hammam,casablanca_al_fida,Al Fida,Al Fida-Mers Sultan,2,1.5881460776762248,1.0366111697948595,Modérée,0.398,125933,33166.4,40,12.3,95.4,20.0,35.8,67.5,67.5,35.2,57.8,scored_subcategory,subcategory_weights_v2_bayes,11,11,195,198
wellness,bien-être & beauté,spa,spa ou hammam,casablanca_moulay_rachid,Moulay Rachid,Moulay Rachid,0,0.0,0.09910404626907426,Faible,0.33,245139,34585.1,35,36.9,100.0,10.0,43.3,98.5,98.5,34.5,55.4,scored_subcategory,subcategory_weights_v2_bayes,11,11,195,198
wellness,bien-être & beauté,spa,spa ou hammam,casablanca_roches_noires,Roches Noires,Ain Sebaa-Hay Mohammadi,1,0.954426151276545,0.6553762491772044,Modérée,0.364,104775,14243.5,50,7.9,33.7,40.0,25.6,80.1,80.1,33.6,56.7,scored_subcategory,subcategory_weights_v2_bayes,11,11,195,198
wellness,bien-être & beauté,spa,spa ou hammam,casablanca_sidi_othmane,Sidi Othmane,Moulay Rachid,0,0.0,0.10966761600178912,Faible,0.33,211894,33870.5,35,30.0,97.7,10.0,39.9,98.1,98.1,33.5,56.2,scored_subcategory,subcategory_weights_v2_bayes,11,11,195,198
wellness,bien-être & beauté,spa,spa ou hammam,casablanca_ben_msick,Ben M'Sick,Ben M'Sick,0,0.0,0.1663554239308115,Faible,0.33,105612,33958.8,35,8.1,98.0,10.0,31.2,96.2,96.2,31.5,58.1,scored_subcategory,subcategory_weights_v2_bayes,11,11,195,198
wellness,bien-être & beauté,spa,spa ou hammam,casablanca_ain_sebaa,Ain Sebaa,Ain Sebaa-Hay Mohammadi,0,0.0,0.13370182867106814,Faible,0.33,155828,10014.0,45,18.5,19.9,30.0,22.9,97.3,97.3,28.0,57.5,scored_subcategory,subcategory_weights_v2_bayes,11,11,195,198
wellness,bien-être & beauté,spa,spa ou hammam,casablanca_sidi_moumen,Sidi Moumen,Sidi Bernoussi,0,0.0,0.052506008085530145,Faible,0.33,551443,21402.0,30,100.0,57.0,0.0,54.2,100.0,100.0,27.2,54.2,scored_subcategory,subcategory_weights_v2_bayes,11,11,195,198
wellness,bien-être & beauté,spa,spa ou hammam,casablanca_hay_mohammadi,Hay Mohammadi,Ain Sebaa-Hay Mohammadi,0,0.0,0.16747949109474528,Faible,0.33,104232,25055.8,35,7.8,68.9,10.0,23.8,96.2,96.2,26.3,59.7,scored_subcategory,subcategory_weights_v2_bayes,11,11,195,198
wellness,bien-être & beauté,spa,spa ou hammam,casablanca_sidi_bernoussi,Sidi Bernoussi,Sidi Bernoussi,0,0.0,0.13417858780735065,Faible,0.33,154919,12279.6,40,18.3,27.3,20.0,21.1,97.3,97.3,24.6,59.1,scored_subcategory,subcategory_weights_v2_bayes,11,11,195,198
wellness,bien-être & beauté,spa,spa ou hammam,casablanca_sbata,Sbata,Ben M'Sick,0,0.0,0.169632371678546,Faible,0.33,101640,14183.6,40,7.3,33.5,20.0,18.3,96.1,96.1,24.6,59.7,scored_subcategory,subcategory_weights_v2_bayes,11,11,195,198
