area_name,category,specialty,providers_count,providers_per_100k,investment_score,risk_score,supply_gap,competition_level,data_confidence_score,reason
Maarif,Dental Clinic,dentist,4,2.9,54.0,45.4,57.4,Low,53.5,"HCP 2024 population 139,669; OSM providers 4; confidence 53.5/100"
Ben M'Sick,Dental Clinic,dentist,0,0.0,53.0,50.9,66.0,Low,32.1,"HCP 2024 population 105,612; OSM providers 0; confidence 32.1/100"
Sidi Moumen,Dental Clinic,dentist,0,0.0,52.3,53.1,66.0,Low,32.1,"HCP 2024 population 551,443; OSM providers 0; confidence 32.1/100"
Moulay Rachid,Dental Clinic,dentist,0,0.0,52.2,50.9,66.0,Low,32.1,"HCP 2024 population 245,139; OSM providers 0; confidence 32.1/100"
Sidi Othmane,Dental Clinic,dentist,0,0.0,51.0,51.4,66.0,Low,32.1,"HCP 2024 population 211,894; OSM providers 0; confidence 32.1/100"
Al Fida,Dental Clinic,dentist,2,1.6,49.9,50.6,63.9,Low,46.4,"HCP 2024 population 125,933; OSM providers 2; confidence 46.4/100"
Sidi Bernoussi,Dental Clinic,dentist,2,1.3,49.8,47.5,65.7,Low,46.4,"HCP 2024 population 154,919; OSM providers 2; confidence 46.4/100"
Mers Sultan,Dental Clinic,dentist,1,1.0,49.7,53.1,64.7,Low,39.2,"HCP 2024 population 98,139; OSM providers 1; confidence 39.2/100"
Anfa,Dental Clinic,dentist,2,3.0,49.5,52.9,55.8,Low,46.4,"HCP 2024 population 66,202; OSM providers 2; confidence 46.4/100"
Roches Noires,Dental Clinic,dentist,0,0.0,48.9,53.2,66.0,Low,32.1,"HCP 2024 population 104,775; OSM providers 0; confidence 32.1/100"
Sbata,Dental Clinic,dentist,0,0.0,48.8,50.9,66.0,Low,32.1,"HCP 2024 population 101,640; OSM providers 0; confidence 32.1/100"
Ain Chock,Dental Clinic,dentist,6,1.6,48.6,58.3,66.0,Low,53.5,"HCP 2024 population 374,707; OSM providers 6; confidence 53.5/100"
Hay Mohammadi,Dental Clinic,dentist,0,0.0,48.3,52.1,66.0,Low,32.1,"HCP 2024 population 104,232; OSM providers 0; confidence 32.1/100"
Hay Hassani,Dental Clinic,dentist,13,2.4,46.8,60.6,60.7,Low,53.5,"HCP 2024 population 537,509; OSM providers 13; confidence 53.5/100"
Ain Sebaa,Dental Clinic,dentist,0,0.0,46.5,56.9,66.0,Low,32.1,"HCP 2024 population 155,828; OSM providers 0; confidence 32.1/100"
Sidi Belyout,Dental Clinic,dentist,10,7.2,35.7,60.1,10.0,Medium,53.5,"HCP 2024 population 138,294; OSM providers 10; confidence 53.5/100"
Anfa,Dermatology Cabinet,doctor,1,1.5,55.6,54.9,64.5,Low,36.3,"HCP 2024 population 66,202; OSM providers 1; confidence 36.3/100"
Hay Hassani,Dermatology Cabinet,doctor,7,1.3,54.6,48.6,70.4,Low,49.5,"HCP 2024 population 537,509; OSM providers 7; confidence 49.5/100"
Sidi Belyout,Dermatology Cabinet,doctor,8,5.8,52.7,51.4,55.6,Low,49.5,"HCP 2024 population 138,294; OSM providers 8; confidence 49.5/100"
Ben M'Sick,Dermatology Cabinet,doctor,0,0.0,51.2,52.7,64.8,Low,29.7,"HCP 2024 population 105,612; OSM providers 0; confidence 29.7/100"
Ain Chock,Dermatology Cabinet,doctor,4,1.1,51.0,56.6,71.1,Low,49.5,"HCP 2024 population 374,707; OSM providers 4; confidence 49.5/100"
Roches Noires,Dermatology Cabinet,doctor,0,0.0,50.2,54.2,64.8,Low,29.7,"HCP 2024 population 104,775; OSM providers 0; confidence 29.7/100"
Sbata,Dermatology Cabinet,doctor,0,0.0,49.3,52.7,64.8,Low,29.7,"HCP 2024 population 101,640; OSM providers 0; confidence 29.7/100"
Sidi Bernoussi,Dermatology Cabinet,doctor,1,0.6,49.1,51.5,66.7,Low,36.3,"HCP 2024 population 154,919; OSM providers 1; confidence 36.3/100"
Mers Sultan,Dermatology Cabinet,doctor,0,0.0,49.0,57.6,64.8,Low,29.7,"HCP 2024 population 98,139; OSM providers 0; confidence 29.7/100"
Moulay Rachid,Dermatology Cabinet,doctor,0,0.0,48.9,52.9,64.8,Low,29.7,"HCP 2024 population 245,139; OSM providers 0; confidence 29.7/100"
Al Fida,Dermatology Cabinet,doctor,1,0.8,48.3,55.1,66.2,Low,36.3,"HCP 2024 population 125,933; OSM providers 1; confidence 36.3/100"
Sidi Othmane,Dermatology Cabinet,doctor,0,0.0,48.2,54.0,64.8,Low,29.7,"HCP 2024 population 211,894; OSM providers 0; confidence 29.7/100"
Hay Mohammadi,Dermatology Cabinet,doctor,0,0.0,47.8,53.5,64.8,Low,29.7,"HCP 2024 population 104,232; OSM providers 0; confidence 29.7/100"
Sidi Moumen,Dermatology Cabinet,doctor,1,0.2,47.3,54.5,67.7,Low,36.3,"HCP 2024 population 551,443; OSM providers 1; confidence 36.3/100"
Ain Sebaa,Dermatology Cabinet,doctor,0,0.0,47.1,58.1,64.8,Low,29.7,"HCP 2024 population 155,828; OSM providers 0; confidence 29.7/100"
Maarif,Dermatology Cabinet,doctor,26,18.6,39.5,58.6,0.0,High,49.5,"HCP 2024 population 139,669; OSM providers 26; confidence 49.5/100"
Sidi Moumen,Emergency Care Center,hospital,3,0.5,68.5,28.0,63.2,Low,79.3,"HCP 2024 population 551,443; OSM providers 3; confidence 79.3/100"
Hay Hassani,Emergency Care Center,hospital,3,0.6,67.9,27.8,57.9,Low,79.3,"HCP 2024 population 537,509; OSM providers 3; confidence 79.3/100"
Sidi Othmane,Emergency Care Center,hospital,1,0.5,61.2,35.4,59.7,Low,58.2,"HCP 2024 population 211,894; OSM providers 1; confidence 58.2/100"
Moulay Rachid,Emergency Care Center,hospital,3,1.2,57.3,25.0,20.0,Medium,79.3,"HCP 2024 population 245,139; OSM providers 3; confidence 79.3/100"
Ben M'Sick,Emergency Care Center,hospital,1,0.9,55.1,31.4,40.0,Medium,58.2,"HCP 2024 population 105,612; OSM providers 1; confidence 58.2/100"
Ain Sebaa,Emergency Care Center,hospital,1,0.6,50.9,41.6,55.8,Low,58.2,"HCP 2024 population 155,828; OSM providers 1; confidence 58.2/100"
Sbata,Emergency Care Center,hospital,1,1.0,50.4,34.5,33.3,Medium,58.2,"HCP 2024 population 101,640; OSM providers 1; confidence 58.2/100"
Al Fida,Emergency Care Center,hospital,1,0.8,50.3,41.6,46.7,Medium,58.2,"HCP 2024 population 125,933; OSM providers 1; confidence 58.2/100"
Mers Sultan,Emergency Care Center,hospital,1,1.0,48.3,40.6,33.3,Medium,58.2,"HCP 2024 population 98,139; OSM providers 1; confidence 58.2/100"
Hay Mohammadi,Emergency Care Center,hospital,1,1.0,48.2,37.2,33.3,Medium,58.2,"HCP 2024 population 104,232; OSM providers 1; confidence 58.2/100"
Roches Noires,Emergency Care Center,hospital,2,1.9,40.6,33.9,0.0,High,68.7,"HCP 2024 population 104,775; OSM providers 2; confidence 68.7/100"
Sidi Bernoussi,Emergency Care Center,hospital,3,1.9,39.3,30.8,0.0,High,79.3,"HCP 2024 population 154,919; OSM providers 3; confidence 79.3/100"
Ain Chock,Emergency Care Center,hospital,7,1.9,36.7,46.0,0.0,High,79.3,"HCP 2024 population 374,707; OSM providers 7; confidence 79.3/100"
Sidi Belyout,Emergency Care Center,hospital,5,3.6,34.4,40.0,0.0,Saturated,79.3,"HCP 2024 population 138,294; OSM providers 5; confidence 79.3/100"
Anfa,Emergency Care Center,hospital,1,1.5,33.2,45.0,0.0,Medium,58.2,"HCP 2024 population 66,202; OSM providers 1; confidence 58.2/100"
Maarif,Emergency Care Center,hospital,14,10.0,25.9,53.6,0.0,Saturated,79.3,"HCP 2024 population 139,669; OSM providers 14; confidence 79.3/100"
Sidi Moumen,General Doctor Cabinet,doctor,1,0.2,63.5,47.8,67.7,Low,36.3,"HCP 2024 population 551,443; OSM providers 1; confidence 36.3/100"
Hay Hassani,General Doctor Cabinet,doctor,7,1.3,62.9,44.6,70.4,Low,49.5,"HCP 2024 population 537,509; OSM providers 7; confidence 49.5/100"
Ben M'Sick,General Doctor Cabinet,doctor,0,0.0,57.9,52.7,64.8,Low,29.7,"HCP 2024 population 105,612; OSM providers 0; confidence 29.7/100"
Moulay Rachid,General Doctor Cabinet,doctor,0,0.0,57.8,52.7,64.8,Low,29.7,"HCP 2024 population 245,139; OSM providers 0; confidence 29.7/100"
Sidi Othmane,General Doctor Cabinet,doctor,0,0.0,55.1,52.7,64.8,Low,29.7,"HCP 2024 population 211,894; OSM providers 0; confidence 29.7/100"
Sidi Bernoussi,General Doctor Cabinet,doctor,1,0.6,53.3,49.5,66.7,Low,36.3,"HCP 2024 population 154,919; OSM providers 1; confidence 36.3/100"
Sbata,General Doctor Cabinet,doctor,0,0.0,51.7,52.7,64.8,Low,29.7,"HCP 2024 population 101,640; OSM providers 0; confidence 29.7/100"
Roches Noires,General Doctor Cabinet,doctor,0,0.0,51.3,53.3,64.8,Low,29.7,"HCP 2024 population 104,775; OSM providers 0; confidence 29.7/100"
Ain Chock,General Doctor Cabinet,doctor,4,1.1,51.3,55.0,71.1,Low,49.5,"HCP 2024 population 374,707; OSM providers 4; confidence 49.5/100"
Ain Sebaa,General Doctor Cabinet,doctor,0,0.0,49.9,56.1,64.8,Low,29.7,"HCP 2024 population 155,828; OSM providers 0; confidence 29.7/100"
Al Fida,General Doctor Cabinet,doctor,1,0.8,48.8,54.7,66.2,Low,36.3,"HCP 2024 population 125,933; OSM providers 1; confidence 36.3/100"
Mers Sultan,General Doctor Cabinet,doctor,0,0.0,48.1,57.4,64.8,Low,29.7,"HCP 2024 population 98,139; OSM providers 0; confidence 29.7/100"
Sidi Belyout,General Doctor Cabinet,doctor,8,5.8,47.1,52.9,55.6,Low,49.5,"HCP 2024 population 138,294; OSM providers 8; confidence 49.5/100"
Hay Mohammadi,General Doctor Cabinet,doctor,0,0.0,45.8,55.1,64.8,Low,29.7,"HCP 2024 population 104,232; OSM providers 0; confidence 29.7/100"
Anfa,General Doctor Cabinet,doctor,1,1.5,44.3,58.6,64.5,Low,36.3,"HCP 2024 population 66,202; OSM providers 1; confidence 36.3/100"
Maarif,General Doctor Cabinet,doctor,26,18.6,28.3,64.1,0.0,High,49.5,"HCP 2024 population 139,669; OSM providers 26; confidence 49.5/100"
Hay Hassani,Medical Analysis Laboratory,laboratory,3,0.6,58.5,45.2,65.4,Low,51.5,"HCP 2024 population 537,509; OSM providers 3; confidence 51.5/100"
Ain Chock,Medical Analysis Laboratory,laboratory,0,0.0,49.5,63.3,65.4,Low,30.9,"HCP 2024 population 374,707; OSM providers 0; confidence 30.9/100"
Sidi Moumen,Medical Analysis Laboratory,laboratory,0,0.0,49.3,55.8,65.4,Low,30.9,"HCP 2024 population 551,443; OSM providers 0; confidence 30.9/100"
Sidi Othmane,Medical Analysis Laboratory,laboratory,0,0.0,45.4,55.0,65.4,Low,30.9,"HCP 2024 population 211,894; OSM providers 0; confidence 30.9/100"
Sidi Belyout,Medical Analysis Laboratory,laboratory,1,0.7,45.1,58.0,60.1,Low,37.8,"HCP 2024 population 138,294; OSM providers 1; confidence 37.8/100"
Moulay Rachid,Medical Analysis Laboratory,laboratory,0,0.0,44.9,54.6,65.4,Low,30.9,"HCP 2024 population 245,139; OSM providers 0; confidence 30.9/100"
Ben M'Sick,Medical Analysis Laboratory,laboratory,0,0.0,44.4,51.8,65.4,Low,30.9,"HCP 2024 population 105,612; OSM providers 0; confidence 30.9/100"
Hay Mohammadi,Medical Analysis Laboratory,laboratory,0,0.0,43.8,54.8,65.4,Low,30.9,"HCP 2024 population 104,232; OSM providers 0; confidence 30.9/100"
Al Fida,Medical Analysis Laboratory,laboratory,0,0.0,42.1,60.1,65.4,Low,30.9,"HCP 2024 population 125,933; OSM providers 0; confidence 30.9/100"
Sidi Bernoussi,Medical Analysis Laboratory,laboratory,0,0.0,41.9,56.6,65.4,Low,30.9,"HCP 2024 population 154,919; OSM providers 0; confidence 30.9/100"
Maarif,Medical Analysis Laboratory,laboratory,12,8.6,41.8,56.7,0.0,Saturated,51.5,"HCP 2024 population 139,669; OSM providers 12; confidence 51.5/100"
Anfa,Medical Analysis Laboratory,laboratory,0,0.0,41.3,63.1,65.4,Low,30.9,"HCP 2024 population 66,202; OSM providers 0; confidence 30.9/100"
Sbata,Medical Analysis Laboratory,laboratory,0,0.0,41.0,54.5,65.4,Low,30.9,"HCP 2024 population 101,640; OSM providers 0; confidence 30.9/100"
Ain Sebaa,Medical Analysis Laboratory,laboratory,0,0.0,38.9,61.1,65.4,Low,30.9,"HCP 2024 population 155,828; OSM providers 0; confidence 30.9/100"
Roches Noires,Medical Analysis Laboratory,laboratory,1,1.0,38.5,55.2,56.3,Low,37.8,"HCP 2024 population 104,775; OSM providers 1; confidence 37.8/100"
Mers Sultan,Medical Analysis Laboratory,laboratory,2,2.0,32.1,56.3,33.3,Medium,44.6,"HCP 2024 population 98,139; OSM providers 2; confidence 44.6/100"
Hay Hassani,Pediatric Cabinet,doctor,7,1.3,65.7,43.6,70.4,Low,49.5,"HCP 2024 population 537,509; OSM providers 7; confidence 49.5/100"
Sidi Moumen,Pediatric Cabinet,doctor,1,0.2,61.5,48.1,67.7,Low,36.3,"HCP 2024 population 551,443; OSM providers 1; confidence 36.3/100"
Moulay Rachid,Pediatric Cabinet,doctor,0,0.0,54.3,52.7,64.8,Low,29.7,"HCP 2024 population 245,139; OSM providers 0; confidence 29.7/100"
Ain Chock,Pediatric Cabinet,doctor,4,1.1,54.1,54.5,71.1,Low,49.5,"HCP 2024 population 374,707; OSM providers 4; confidence 49.5/100"
Sidi Othmane,Pediatric Cabinet,doctor,0,0.0,52.3,52.7,64.8,Low,29.7,"HCP 2024 population 211,894; OSM providers 0; confidence 29.7/100"
Ben M'Sick,Pediatric Cabinet,doctor,0,0.0,49.3,52.7,64.8,Low,29.7,"HCP 2024 population 105,612; OSM providers 0; confidence 29.7/100"
Al Fida,Pediatric Cabinet,doctor,1,0.8,46.7,55.0,66.2,Low,36.3,"HCP 2024 population 125,933; OSM providers 1; confidence 36.3/100"
Hay Mohammadi,Pediatric Cabinet,doctor,0,0.0,44.8,53.9,64.8,Low,29.7,"HCP 2024 population 104,232; OSM providers 0; confidence 29.7/100"
Sidi Bernoussi,Pediatric Cabinet,doctor,1,0.6,44.7,52.1,66.7,Low,36.3,"HCP 2024 population 154,919; OSM providers 1; confidence 36.3/100"
Mers Sultan,Pediatric Cabinet,doctor,0,0.0,43.2,59.0,64.8,Low,29.7,"HCP 2024 population 98,139; OSM providers 0; confidence 29.7/100"
Sbata,Pediatric Cabinet,doctor,0,0.0,43.1,52.7,64.8,Low,29.7,"HCP 2024 population 101,640; OSM providers 0; confidence 29.7/100"
Sidi Belyout,Pediatric Cabinet,doctor,8,5.8,43.0,54.8,55.6,Low,49.5,"HCP 2024 population 138,294; OSM providers 8; confidence 49.5/100"
Roches Noires,Pediatric Cabinet,doctor,0,0.0,42.5,56.2,64.8,Low,29.7,"HCP 2024 population 104,775; OSM providers 0; confidence 29.7/100"
Ain Sebaa,Pediatric Cabinet,doctor,0,0.0,41.3,59.3,64.8,Low,29.7,"HCP 2024 population 155,828; OSM providers 0; confidence 29.7/100"
Anfa,Pediatric Cabinet,doctor,1,1.5,39.2,60.4,64.5,Low,36.3,"HCP 2024 population 66,202; OSM providers 1; confidence 36.3/100"
Maarif,Pediatric Cabinet,doctor,26,18.6,29.6,64.1,0.0,High,49.5,"HCP 2024 population 139,669; OSM providers 26; confidence 49.5/100"
Sidi Moumen,Pharmacy,pharmacy,6,1.1,64.8,37.1,77.9,Low,62.7,"HCP 2024 population 551,443; OSM providers 6; confidence 62.7/100"
Moulay Rachid,Pharmacy,pharmacy,15,6.1,60.4,34.7,62.2,Low,62.7,"HCP 2024 population 245,139; OSM providers 15; confidence 62.7/100"
Sidi Othmane,Pharmacy,pharmacy,13,6.1,59.4,35.7,62.2,Low,62.7,"HCP 2024 population 211,894; OSM providers 13; confidence 62.7/100"
Hay Mohammadi,Pharmacy,pharmacy,4,3.8,58.6,35.6,69.4,Low,62.7,"HCP 2024 population 104,232; OSM providers 4; confidence 62.7/100"
Ben M'Sick,Pharmacy,pharmacy,11,10.4,55.6,29.9,48.0,Medium,62.7,"HCP 2024 population 105,612; OSM providers 11; confidence 62.7/100"
Roches Noires,Pharmacy,pharmacy,11,10.5,46.7,40.7,47.5,Medium,62.7,"HCP 2024 population 104,775; OSM providers 11; confidence 62.7/100"
Al Fida,Pharmacy,pharmacy,17,13.5,46.3,41.9,32.5,Medium,62.7,"HCP 2024 population 125,933; OSM providers 17; confidence 62.7/100"
Sidi Bernoussi,Pharmacy,pharmacy,19,12.3,43.0,41.7,38.5,Medium,62.7,"HCP 2024 population 154,919; OSM providers 19; confidence 62.7/100"
Ain Sebaa,Pharmacy,pharmacy,19,12.2,40.8,45.9,39.0,Medium,62.7,"HCP 2024 population 155,828; OSM providers 19; confidence 62.7/100"
Anfa,Pharmacy,pharmacy,9,13.6,38.6,47.7,32.0,Medium,62.7,"HCP 2024 population 66,202; OSM providers 9; confidence 62.7/100"
Hay Hassani,Pharmacy,pharmacy,94,17.5,35.0,56.6,12.5,Medium,62.7,"HCP 2024 population 537,509; OSM providers 94; confidence 62.7/100"
Ain Chock,Pharmacy,pharmacy,60,16.0,34.0,58.9,20.0,Medium,62.7,"HCP 2024 population 374,707; OSM providers 60; confidence 62.7/100"
Mers Sultan,Pharmacy,pharmacy,25,25.5,33.0,44.8,0.0,High,62.7,"HCP 2024 population 98,139; OSM providers 25; confidence 62.7/100"
Sbata,Pharmacy,pharmacy,23,22.6,32.4,39.3,0.0,High,62.7,"HCP 2024 population 101,640; OSM providers 23; confidence 62.7/100"
Maarif,Pharmacy,pharmacy,78,55.8,31.1,52.4,0.0,Saturated,62.7,"HCP 2024 population 139,669; OSM providers 78; confidence 62.7/100"
Sidi Belyout,Pharmacy,pharmacy,49,35.4,29.1,52.0,0.0,Saturated,62.7,"HCP 2024 population 138,294; OSM providers 49; confidence 62.7/100"
Maarif,Physiotherapy Center,health_center,0,0.0,75.2,23.6,89.6,Low,79.3,"HCP 2024 population 139,669; OSM providers 0; confidence 79.3/100"
Hay Hassani,Physiotherapy Center,health_center,0,0.0,67.4,28.7,89.6,Low,79.3,"HCP 2024 population 537,509; OSM providers 0; confidence 79.3/100"
Sidi Moumen,Physiotherapy Center,health_center,0,0.0,62.7,30.3,89.6,Low,79.3,"HCP 2024 population 551,443; OSM providers 0; confidence 79.3/100"
Sidi Belyout,Physiotherapy Center,health_center,0,0.0,60.9,34.5,89.6,Low,79.3,"HCP 2024 population 138,294; OSM providers 0; confidence 79.3/100"
Ben M'Sick,Physiotherapy Center,health_center,0,0.0,60.4,23.0,89.6,Low,79.3,"HCP 2024 population 105,612; OSM providers 0; confidence 79.3/100"
Sidi Othmane,Physiotherapy Center,health_center,0,0.0,59.4,29.2,89.6,Low,79.3,"HCP 2024 population 211,894; OSM providers 0; confidence 79.3/100"
Sidi Bernoussi,Physiotherapy Center,health_center,0,0.0,58.4,29.5,89.6,Low,79.3,"HCP 2024 population 154,919; OSM providers 0; confidence 79.3/100"
Hay Mohammadi,Physiotherapy Center,health_center,0,0.0,58.2,28.9,89.6,Low,79.3,"HCP 2024 population 104,232; OSM providers 0; confidence 79.3/100"
Moulay Rachid,Physiotherapy Center,health_center,0,0.0,57.6,29.4,89.6,Low,79.3,"HCP 2024 population 245,139; OSM providers 0; confidence 79.3/100"
Anfa,Physiotherapy Center,health_center,0,0.0,56.8,36.6,89.6,Low,79.3,"HCP 2024 population 66,202; OSM providers 0; confidence 79.3/100"
Al Fida,Physiotherapy Center,health_center,0,0.0,56.5,34.1,89.6,Low,79.3,"HCP 2024 population 125,933; OSM providers 0; confidence 79.3/100"
Sbata,Physiotherapy Center,health_center,0,0.0,55.9,28.2,89.6,Low,79.3,"HCP 2024 population 101,640; OSM providers 0; confidence 79.3/100"
Roches Noires,Physiotherapy Center,health_center,0,0.0,55.6,31.5,89.6,Low,79.3,"HCP 2024 population 104,775; OSM providers 0; confidence 79.3/100"
Ain Sebaa,Physiotherapy Center,health_center,0,0.0,54.0,34.8,89.6,Low,79.3,"HCP 2024 population 155,828; OSM providers 0; confidence 79.3/100"
Mers Sultan,Physiotherapy Center,health_center,0,0.0,53.8,35.5,89.6,Low,79.3,"HCP 2024 population 98,139; OSM providers 0; confidence 79.3/100"
Ain Chock,Physiotherapy Center,health_center,1,0.3,53.2,59.8,83.7,Low,79.3,"HCP 2024 population 374,707; OSM providers 1; confidence 79.3/100"
Maarif,Radiology Center,radiology,0,0.0,63.0,54.5,63.6,Low,27.3,"HCP 2024 population 139,669; OSM providers 0; confidence 27.3/100"
Hay Hassani,Radiology Center,radiology,0,0.0,50.4,58.0,63.6,Low,27.3,"HCP 2024 population 537,509; OSM providers 0; confidence 27.3/100"
Ben M'Sick,Radiology Center,radiology,0,0.0,48.1,54.5,63.6,Low,27.3,"HCP 2024 population 105,612; OSM providers 0; confidence 27.3/100"
Anfa,Radiology Center,radiology,0,0.0,47.7,64.0,63.6,Low,27.3,"HCP 2024 population 66,202; OSM providers 0; confidence 27.3/100"
Ain Chock,Radiology Center,radiology,0,0.0,47.4,66.2,63.6,Low,27.3,"HCP 2024 population 374,707; OSM providers 0; confidence 27.3/100"
Sidi Bernoussi,Radiology Center,radiology,0,0.0,46.2,57.5,63.6,Low,27.3,"HCP 2024 population 154,919; OSM providers 0; confidence 27.3/100"
Sidi Moumen,Radiology Center,radiology,0,0.0,45.9,59.5,63.6,Low,27.3,"HCP 2024 population 551,443; OSM providers 0; confidence 27.3/100"
Roches Noires,Radiology Center,radiology,0,0.0,45.4,59.1,63.6,Low,27.3,"HCP 2024 population 104,775; OSM providers 0; confidence 27.3/100"
Sidi Othmane,Radiology Center,radiology,0,0.0,45.3,58.0,63.6,Low,27.3,"HCP 2024 population 211,894; OSM providers 0; confidence 27.3/100"
Sbata,Radiology Center,radiology,0,0.0,45.3,56.0,63.6,Low,27.3,"HCP 2024 population 101,640; OSM providers 0; confidence 27.3/100"
Hay Mohammadi,Radiology Center,radiology,0,0.0,45.1,57.4,63.6,Low,27.3,"HCP 2024 population 104,232; OSM providers 0; confidence 27.3/100"
Moulay Rachid,Radiology Center,radiology,0,0.0,44.6,57.9,63.6,Low,27.3,"HCP 2024 population 245,139; OSM providers 0; confidence 27.3/100"
Al Fida,Radiology Center,radiology,0,0.0,43.6,62.4,63.6,Low,27.3,"HCP 2024 population 125,933; OSM providers 0; confidence 27.3/100"
Ain Sebaa,Radiology Center,radiology,0,0.0,43.4,62.4,63.6,Low,27.3,"HCP 2024 population 155,828; OSM providers 0; confidence 27.3/100"
Mers Sultan,Radiology Center,radiology,0,0.0,43.1,63.4,63.6,Low,27.3,"HCP 2024 population 98,139; OSM providers 0; confidence 27.3/100"
Sidi Belyout,Radiology Center,radiology,1,0.7,40.3,75.2,51.1,Low,33.4,"HCP 2024 population 138,294; OSM providers 1; confidence 33.4/100"
Hay Hassani,Small Private Clinic,clinic,6,1.1,59.1,41.3,62.7,Low,56.3,"HCP 2024 population 537,509; OSM providers 6; confidence 56.3/100"
Sidi Moumen,Small Private Clinic,clinic,2,0.4,53.5,45.2,69.5,Low,48.8,"HCP 2024 population 551,443; OSM providers 2; confidence 48.8/100"
Moulay Rachid,Small Private Clinic,clinic,1,0.4,49.6,47.1,66.5,Low,41.3,"HCP 2024 population 245,139; OSM providers 1; confidence 41.3/100"
Ain Chock,Small Private Clinic,clinic,7,1.9,48.8,53.3,51.4,Low,56.3,"HCP 2024 population 374,707; OSM providers 7; confidence 56.3/100"
Sidi Othmane,Small Private Clinic,clinic,1,0.5,47.8,48.8,65.5,Low,41.3,"HCP 2024 population 211,894; OSM providers 1; confidence 41.3/100"
Sbata,Small Private Clinic,clinic,0,0.0,46.8,50.2,66.9,Low,33.8,"HCP 2024 population 101,640; OSM providers 0; confidence 33.8/100"
Ben M'Sick,Small Private Clinic,clinic,0,0.0,46.8,49.7,66.9,Low,33.8,"HCP 2024 population 105,612; OSM providers 0; confidence 33.8/100"
Roches Noires,Small Private Clinic,clinic,1,1.0,46.7,50.0,60.3,Low,41.3,"HCP 2024 population 104,775; OSM providers 1; confidence 41.3/100"
Sidi Bernoussi,Small Private Clinic,clinic,0,0.0,45.5,53.4,66.9,Low,33.8,"HCP 2024 population 154,919; OSM providers 0; confidence 33.8/100"
Mers Sultan,Small Private Clinic,clinic,0,0.0,45.4,57.3,66.9,Low,33.8,"HCP 2024 population 98,139; OSM providers 0; confidence 33.8/100"
Ain Sebaa,Small Private Clinic,clinic,3,1.9,45.0,46.4,51.4,Low,56.3,"HCP 2024 population 155,828; OSM providers 3; confidence 56.3/100"
Hay Mohammadi,Small Private Clinic,clinic,1,1.0,44.6,49.1,60.3,Low,41.3,"HCP 2024 population 104,232; OSM providers 1; confidence 41.3/100"
Al Fida,Small Private Clinic,clinic,3,2.4,41.2,47.5,40.0,Medium,56.3,"HCP 2024 population 125,933; OSM providers 3; confidence 56.3/100"
Maarif,Small Private Clinic,clinic,26,18.6,39.5,58.2,0.0,Saturated,56.3,"HCP 2024 population 139,669; OSM providers 26; confidence 56.3/100"
Anfa,Small Private Clinic,clinic,6,9.1,39.3,49.8,0.0,Saturated,56.3,"HCP 2024 population 66,202; OSM providers 6; confidence 56.3/100"
Sidi Belyout,Small Private Clinic,clinic,7,5.1,38.6,50.0,0.0,High,56.3,"HCP 2024 population 138,294; OSM providers 7; confidence 56.3/100"
Anfa,Veterinary Clinic,veterinary,0,0.0,56.0,57.8,63.6,Low,27.3,"HCP 2024 population 66,202; OSM providers 0; confidence 27.3/100"
Hay Hassani,Veterinary Clinic,veterinary,0,0.0,55.8,54.5,63.6,Low,27.3,"HCP 2024 population 537,509; OSM providers 0; confidence 27.3/100"
Maarif,Veterinary Clinic,veterinary,1,0.7,53.4,54.7,55.0,Low,33.4,"HCP 2024 population 139,669; OSM providers 1; confidence 33.4/100"
Ain Chock,Veterinary Clinic,veterinary,0,0.0,51.6,63.1,63.6,Low,27.3,"HCP 2024 population 374,707; OSM providers 0; confidence 27.3/100"
Roches Noires,Veterinary Clinic,veterinary,0,0.0,50.7,55.2,63.6,Low,27.3,"HCP 2024 population 104,775; OSM providers 0; confidence 27.3/100"
Sbata,Veterinary Clinic,veterinary,0,0.0,50.3,54.5,63.6,Low,27.3,"HCP 2024 population 101,640; OSM providers 0; confidence 27.3/100"
Sidi Bernoussi,Veterinary Clinic,veterinary,0,0.0,49.8,54.8,63.6,Low,27.3,"HCP 2024 population 154,919; OSM providers 0; confidence 27.3/100"
Ain Sebaa,Veterinary Clinic,veterinary,0,0.0,49.5,57.8,63.6,Low,27.3,"HCP 2024 population 155,828; OSM providers 0; confidence 27.3/100"
Ben M'Sick,Veterinary Clinic,veterinary,0,0.0,49.2,54.5,63.6,Low,27.3,"HCP 2024 population 105,612; OSM providers 0; confidence 27.3/100"
Sidi Moumen,Veterinary Clinic,veterinary,0,0.0,49.0,57.2,63.6,Low,27.3,"HCP 2024 population 551,443; OSM providers 0; confidence 27.3/100"
Mers Sultan,Veterinary Clinic,veterinary,0,0.0,47.4,60.2,63.6,Low,27.3,"HCP 2024 population 98,139; OSM providers 0; confidence 27.3/100"
Moulay Rachid,Veterinary Clinic,veterinary,0,0.0,47.3,55.9,63.6,Low,27.3,"HCP 2024 population 245,139; OSM providers 0; confidence 27.3/100"
Hay Mohammadi,Veterinary Clinic,veterinary,0,0.0,46.8,56.0,63.6,Low,27.3,"HCP 2024 population 104,232; OSM providers 0; confidence 27.3/100"
Sidi Othmane,Veterinary Clinic,veterinary,0,0.0,46.5,57.1,63.6,Low,27.3,"HCP 2024 population 211,894; OSM providers 0; confidence 27.3/100"
Al Fida,Veterinary Clinic,veterinary,0,0.0,44.6,61.7,63.6,Low,27.3,"HCP 2024 population 125,933; OSM providers 0; confidence 27.3/100"
Sidi Belyout,Veterinary Clinic,veterinary,2,1.4,37.3,70.7,30.0,Medium,39.4,"HCP 2024 population 138,294; OSM providers 2; confidence 39.4/100"
